taz_id,old_node_id,new_node_id,endpoint_shift_ft,old_density,old_density_rank,old_major_level,new_major_level,major_level_change,new_was_20260722_candidate,new_candidate_best_rank
4,1443289,65994,1974.0397817673352,0.019240781463969136,1,4.0,4.0,same,False,
4,811927,1184335,550.3722558413021,0.004956718127895603,8,3.0,3.0,same,False,
7,1576421,998803,1694.0005342386896,0.007423657635383565,2,3.0,3.0,same,False,
7,582897,1184321,171.05920027873393,0.007688709906943012,1,3.0,4.0,less major,False,
8,993431,55191,1095.3264399255743,0.006500845440820769,8,4.0,5.0,less major,False,
8,633606,55382,141.9682006633081,0.013481752660568929,1,4.0,4.0,same,False,
12,1449057,55101,614.499934906753,0.011197210171660485,2,4.0,4.0,same,False,
21,872938,53807,420.3014394460125,0.004415550707079602,3,4.0,4.0,same,True,6.0
21,995875,52602,807.9288211224981,0.0048416171251391355,2,4.0,4.0,same,False,
22,1454020,53724,404.06724687854563,0.007033707519341368,1,3.0,3.0,same,False,
22,545645,52566,2222.7309441315583,0.0034772793092434184,7,3.0,3.0,same,False,
22,52578,25698,221.64557293118173,0.005327314646378842,3,3.0,3.0,same,False,
40,872507,36769,752.5254148531519,0.0038003330792207722,7,4.0,4.0,same,False,
40,990393,37368,166.4933031688691,0.004622011371654859,5,4.0,4.0,same,False,
46,594871,54135,575.0255037829196,0.010061282788783333,2,4.0,4.0,same,False,
46,565741,37898,377.50190727994556,0.00974036773984763,5,4.0,4.0,same,False,
47,37855,1178451,533.6401221804551,0.0063208185169186795,5,4.0,4.0,same,False,
47,600199,600195,218.56189054786577,0.009776786346413574,2,4.0,4.0,same,False,
48,1172797,39275,1736.4599217941454,0.00873730898283795,3,4.0,4.0,same,False,
49,927803,37806,813.1159080966075,0.009695286715244153,8,4.0,4.0,same,False,
55,64274,1045554,4094.036448298904,0.010949060167633227,3,4.0,4.0,same,False,
55,64341,582448,316.9633732782288,0.01237162582655955,2,4.0,4.0,same,False,
56,582457,996545,660.8150195025866,0.011526398540137376,3,4.0,4.0,same,False,
56,760616,65228,832.9991176473375,0.022298960300556666,1,3.0,3.0,same,False,
57,989381,64321,579.8787804358826,0.008268212404225239,1,4.0,4.0,same,False,
57,64349,1163074,2113.364355713401,0.006646319009770278,3,5.0,5.0,same,False,
58,1166172,66939,315.27261219482904,0.025332878283115083,1,4.0,4.0,same,False,
59,1223227,65407,729.9206052715796,0.014336126003466135,1,3.0,3.0,same,False,
60,64387,991017,2431.5773728181566,0.007991743036726654,3,4.0,4.0,same,False,
61,65408,65410,162.1866209032052,0.007125916786586648,5,3.0,3.0,same,False,
63,996009,66979,1582.4152741926425,0.009004902430479186,3,4.0,4.0,same,True,8.0
63,66934,66931,593.7824517437128,0.011348095044899162,1,4.0,4.0,same,False,
65,787209,1164342,143.10143255710236,0.010256070667562242,1,4.0,4.0,same,False,
65,66464,66453,1626.4175355663058,0.0064231057057042105,7,4.0,4.0,same,False,
66,66405,66416,1496.0598985338488,0.009929497029679121,1,4.0,4.0,same,True,2.0
67,66768,66815,2121.322064185572,0.008093004134354972,4,3.0,3.0,same,True,1.0
67,730106,1530775,2002.6003620293538,0.010404968301978686,2,3.0,4.0,less major,False,
68,760837,66483,160.1660700644194,0.009021361660348136,5,4.0,4.0,same,False,
68,1045181,66768,1112.462264528543,0.00837065494853941,6,3.0,3.0,same,False,
71,1732680,73499,1347.109442471945,0.005318134143928586,8,3.0,3.0,same,False,
72,66665,986192,1640.1706069794545,0.018132040369932788,2,3.0,3.0,same,False,
74,1386744,73663,241.99407017466038,0.01563478421310995,3,4.0,4.0,same,False,
77,68491,993134,2132.107398795849,0.010643019751568637,4,3.0,3.0,same,False,
79,1228434,71618,248.29565038403533,0.01711848496357853,2,3.0,3.0,same,True,8.0
84,1220491,77143,1548.7719134857464,0.01344002435927261,3,4.0,4.0,same,False,
85,77121,77136,867.703572656007,0.026283145918675702,1,4.0,4.0,same,False,
86,583428,77202,324.32292549211064,0.026565621992957745,1,4.0,4.0,same,False,
86,992083,586270,340.3922590189263,0.013793419853560198,4,4.0,4.0,same,False,
87,600651,77195,1217.0963478703613,0.015886555809939914,6,4.0,4.0,same,True,5.0
87,77147,77176,1310.4104776745344,0.021412407724477438,2,4.0,4.0,same,False,
89,872618,77839,650.4355771326987,0.006621672529190319,5,3.0,3.0,same,False,
90,990519,77969,2052.127376650502,0.010244851302781749,4,4.0,4.0,same,False,
90,566273,77934,672.9393509072747,0.02283300988007955,1,4.0,4.0,same,False,
91,1577981,797037,639.1371136149113,0.024574186338689977,1,3.0,4.0,less major,False,
92,1564311,77217,1002.513825341163,0.011843574900236908,8,4.0,4.0,same,False,
93,77987,77989,100.01624868055328,0.008264160806108872,2,4.0,4.0,same,True,4.0
94,78405,78406,862.5876940921328,0.006728894850054512,7,3.0,3.0,same,False,
94,989448,77980,129.70890485965654,0.010634698100744062,2,4.0,4.0,same,False,
94,78388,78387,532.0356754959163,0.01825001255805351,1,3.0,4.0,less major,False,
95,77349,77346,578.4158365748791,0.019376927426938344,5,3.0,3.0,same,True,2.0
97,1009419,991211,898.5172786320489,0.011173125852541786,5,3.0,3.0,same,False,
97,77287,77429,4839.764252523322,0.014885217342804862,3,3.0,3.0,same,False,
98,1273797,77505,1101.1625947152456,0.015726028584757377,1,3.0,3.0,same,False,
102,1227165,77250,93.30230436575778,0.0320159515975858,1,3.0,3.0,same,False,
102,1357149,77006,212.95656834199784,0.019765387054187282,7,3.0,3.0,same,False,
102,1227600,1275000,502.8228316209681,0.028829478455309074,2,4.0,4.0,same,False,
103,1356897,74626,435.6119373937932,0.005188840242695469,6,5.0,5.0,same,False,
103,786727,74555,1735.5659480415295,0.005824212670687623,4,3.0,3.0,same,False,
112,66656,760779,2541.862948705142,0.0057052430122553534,8,4.0,4.0,same,False,
112,55630,55668,1368.7067764858907,0.01027102177267576,1,3.0,3.0,same,False,
112,1174090,66500,2091.57316152217,0.008631788600145917,4,3.0,3.0,same,False,
113,55714,55729,569.6389382755281,0.0015791935585960416,6,3.0,3.0,same,True,2.0
114,995977,66666,692.1268380882663,0.009164520592618585,2,4.0,4.0,same,False,
114,994247,55740,140.52462417699437,0.009046627046816151,3,3.0,3.0,same,False,
117,1045248,66819,675.11827111993,0.011110877352100665,1,3.0,3.0,same,False,
117,67950,760910,2239.5713875650404,0.006903355304513349,3,3.0,3.0,same,False,
121,1046865,68408,330.93541666010907,0.03432366485464702,1,4.0,4.0,same,False,
121,1274285,68458,338.30005911986495,0.017846350095911064,3,3.0,3.0,same,False,
130,71946,1357659,905.9733163838018,0.008139586159104038,4,4.0,4.0,same,False,
130,1229058,71649,605.3595460545783,0.009756777705078077,1,3.0,3.0,same,True,9.0
131,71535,1447096,137.23447088825117,0.012316839159161616,1,4.0,4.0,same,False,
131,71640,572536,100.46317733413109,0.010156384598329892,3,3.0,4.0,less major,False,
134,996757,582203,247.31457700669404,0.013150156333764346,5,4.0,4.0,same,False,
142,872779,71272,54.602289330784664,0.021948495923557954,1,4.0,4.0,same,False,
142,855221,1044827,276.5095658381522,0.020723508328657894,2,4.0,4.0,same,False,
143,71303,71823,1544.665339159267,0.020300207494086283,2,3.0,4.0,less major,False,
147,70570,70638,1389.876685178247,0.012900697804313504,6,3.0,4.0,less major,False,
147,70565,70566,120.07002123760871,0.023248508180846984,2,4.0,4.0,same,False,
148,70599,1229565,76.40320673935707,0.0242161862548338,1,3.0,4.0,less major,False,
149,583462,71035,72.90246909396619,0.020375305599330693,1,4.0,4.0,same,False,
149,71038,71039,152.97427888448559,0.012473689554237192,5,5.0,5.0,same,False,
149,691897,1226863,720.8753706427674,0.013144008918101387,4,5.0,4.0,more major,False,
150,71033,71093,872.9120001469021,0.016164049479816065,1,3.0,4.0,less major,False,
151,995014,760302,577.7579856652667,0.01490413413258634,5,4.0,4.0,same,False,
151,633914,71054,816.6029635014881,0.01129808864055203,7,4.0,4.0,same,False,
151,995929,760810,943.848128673106,0.015907933295649285,3,4.0,4.0,same,False,
160,71834,1272932,264.40425488257995,0.01709696427358474,4,3.0,3.0,same,False,
162,71836,72944,2149.1649587690413,0.024694781857753388,1,3.0,4.0,less major,False,
162,72957,72959,70.15903363074705,0.019294863235144795,3,3.0,3.0,same,False,
164,993442,71850,68.04851210573715,0.008281016846965052,4,4.0,4.0,same,False,
167,77789,1340463,87.16220511207825,0.011907084229167874,3,4.0,4.0,same,False,
168,1279790,77779,212.95656834199784,0.023279236437310297,3,4.0,4.0,same,False,
170,78397,476891,469.40068172122386,0.011405266875007012,1,4.0,4.0,same,False,
173,991453,79232,229.52675225415865,0.01051470737385077,3,4.0,4.0,same,False,
174,1049212,616669,47.37699863746477,0.0184486375351822,1,3.0,3.0,same,False,
189,760824,996639,3509.7545911359607,0.006782882709359217,1,4.0,4.0,same,False,
190,79616,79620,934.3916202535804,0.005027138601075336,7,4.0,4.0,same,True,6.0
192,1271201,80733,351.41452730329837,0.01673753104069888,1,3.0,3.0,same,True,3.0
193,90127,995947,874.5851645204995,0.0145207305901796,1,3.0,3.0,same,False,
195,593699,79824,563.2106000424194,0.008868763310517206,7,4.0,4.0,same,False,
195,691182,22085,1263.6552734030026,0.010541250565590887,4,3.0,3.0,same,False,
196,996610,163158,134.57016757012406,0.013543030437184392,1,3.0,3.0,same,False,
211,1050915,90788,1513.815593129609,0.018087776386920128,1,3.0,3.0,same,False,
211,1028256,90801,897.4492743328907,0.0135660493252953,3,3.0,4.0,less major,False,
219,691265,130324,2832.672395460879,0.006305473648957519,3,4.0,4.0,same,False,
219,25178,872958,4339.016825273108,0.007435780446324212,1,4.0,4.0,same,False,
222,991653,991529,2934.5674519416725,0.014924750090773714,3,3.0,3.0,same,False,
223,1451985,1451926,2323.239671235138,0.015136216818935554,2,3.0,3.0,same,False,
252,992027,533971,1608.1842493946212,0.006297497561478599,3,4.0,4.0,same,False,
252,991931,131253,1175.7840830695084,0.006405548508002417,2,4.0,4.0,same,False,
257,596129,480469,4248.821729609273,0.01092494559792798,2,4.0,4.0,same,False,
258,994187,589562,1028.3664181603672,0.01205217978154787,1,4.0,4.0,same,False,
258,132292,974836,400.9661457035489,0.006410459594779045,9,4.0,4.0,same,False,
265,872882,91026,136.897516413393,0.012912864840568581,7,4.0,4.0,same,True,10.0
265,91672,91666,1157.22275297398,0.018046596395284015,2,4.0,4.0,same,False,
266,996400,131631,410.9796223654107,0.010060897483614929,5,4.0,4.0,same,False,
266,1692326,586100,645.6082403439411,0.014687117203033428,2,4.0,4.0,same,False,
278,561670,91807,343.3750282111606,0.0032156339805554392,3,4.0,4.0,same,True,4.0
278,1718396,833595,6020.022146968926,0.0015908223117948725,9,4.0,4.0,same,False,
278,1697830,991725,76.49660123180634,0.005245253165854039,1,4.0,4.0,same,False,
285,598981,598955,3307.212362398301,0.006911156748383037,2,4.0,4.0,same,False,
285,811473,89095,5189.111850789175,0.003804953390931671,8,3.0,3.0,same,False,
292,80779,986450,67.75559017552997,0.008685775778489765,2,4.0,4.0,same,False,
293,1535444,79698,2888.8676622512376,0.014159348181440136,1,4.0,4.0,same,True,3.0
319,764607,163296,155.07743227176434,0.019996596985426704,2,4.0,4.0,same,True,6.0
322,69355,69356,77.99948717763728,0.009815338502122928,4,3.0,3.0,same,False,
334,1198785,873388,1701.961580060112,0.012914145237657649,3,4.0,4.0,same,False,
335,65050,65058,1255.2692938170678,0.010893001783989505,2,4.0,4.0,same,False,
335,600049,64865,1125.8230233925408,0.007691413130934951,8,4.0,4.0,same,False,
338,63863,64581,1760.837329226909,0.011861711590820154,8,3.0,4.0,less major,False,
340,64749,64678,1558.6303282050017,0.013270618591249847,2,4.0,4.0,same,False,
348,691406,69073,1239.1463069390109,0.013718207316129919,1,3.0,3.0,same,False,
349,69157,69147,484.9014848403263,0.017945252313411677,1,4.0,4.0,same,False,
360,67429,67425,447.45475748988673,0.017679236770617685,5,4.0,4.0,same,False,
362,729028,67809,103.14145626277491,0.013141405938036418,5,4.0,4.0,same,True,2.0
365,986559,67110,575.3430715667729,0.018039982770083583,2,4.0,4.0,same,False,
367,66960,986161,27.30073259089967,0.01517150949987336,3,4.0,4.0,same,False,
367,67022,543111,454.1607754969361,0.010151035320503245,8,4.0,4.0,same,False,
371,761378,66464,1404.4661085273976,0.012426874732278792,1,4.0,4.0,same,True,8.0
371,1546578,66413,186.44047307495842,0.0071683361659395555,6,4.0,4.0,same,False,
372,1449723,1449527,405.22154434324324,0.007528206013712017,5,4.0,4.0,same,False,
372,67633,582675,145.88231558354573,0.01373154977322168,2,4.0,4.0,same,False,
373,989650,66465,429.773579922118,0.006708210112433654,7,4.0,4.0,same,False,
374,67730,67718,513.1802412408343,0.008225750011047217,7,4.0,4.0,same,False,
375,1271263,68014,747.9443094240719,0.01489816192057759,1,3.0,3.0,same,True,6.0
375,1219728,68035,2616.3550600012577,0.013254583261640139,4,4.0,4.0,same,False,
375,68217,1223916,810.5595598097404,0.014450883443409753,3,4.0,4.0,same,False,
377,1387176,67925,174.76055046946456,0.014972637231140043,3,3.0,3.0,same,False,
378,67736,67737,407.55344434810075,0.012950588080161604,3,4.0,4.0,same,False,
379,1271279,1045266,465.8279188720808,0.013865083283374957,3,4.0,4.0,same,False,
379,1190199,1045129,54.70228514423574,0.02550873432745521,1,4.0,4.0,same,False,
393,872491,63761,1269.9655192173316,0.004655389781225549,10,4.0,4.0,same,False,
393,63336,63339,326.6090017139855,0.01237426840741686,1,4.0,4.0,same,True,2.0
394,991567,39296,839.7008336299101,0.014275003182333046,3,4.0,4.0,same,True,6.0
394,872914,39383,736.325098037259,0.0036406189583344673,10,4.0,4.0,same,False,
399,39287,39260,1895.4624765476103,0.012824594781980237,1,3.0,3.0,same,False,
399,1171972,38961,457.9391444289639,0.01280340389841504,3,3.0,3.0,same,False,
399,639240,37601,624.2823800172409,0.004219637248899841,10,4.0,4.0,same,False,
400,36825,36834,613.5066747803052,0.004136678408051681,7,4.0,4.0,same,False,
400,38899,38898,1288.683440570631,0.012632454830938781,1,3.0,3.0,same,False,
400,991399,37565,835.7196718997271,0.00693704075468862,3,4.0,4.0,same,False,
401,1208637,38031,2483.6930325621533,0.00274413572590138,9,4.0,4.0,same,False,
403,991457,1638957,973.4121942935993,0.007137597142051886,1,3.0,3.0,same,False,
403,599126,38000,1607.851376839335,0.0026028705568087395,7,3.0,4.0,less major,False,
404,36692,872568,1834.1446644137307,0.003496192845131078,9,4.0,4.0,same,False,
404,994092,37146,1613.0539482609704,0.012082758819379947,1,3.0,3.0,same,False,
408,36240,36139,3874.346088051733,0.004190175601907578,7,4.0,4.0,same,False,
414,992300,551694,519.8393982764771,0.002737775379187101,1,4.0,4.0,same,False,
415,996241,35662,604.7008268561054,0.007730822235463762,1,4.0,4.0,same,False,
419,1538248,561178,3446.9845053315044,0.0036411655385736657,6,4.0,4.0,same,False,
419,36630,993241,3924.048762439496,0.004530286135894345,3,4.0,4.0,same,False,
419,913789,52451,863.906534296674,0.004837849203025512,1,4.0,4.0,same,False,
420,994199,37203,2167.6236043187982,0.0019395622943893381,7,4.0,4.0,same,False,
420,639300,927949,924.8154951130467,0.004846612824454314,2,4.0,4.0,same,False,
424,36542,36877,1206.7086185153435,0.006806172264585772,1,3.0,4.0,less major,False,
424,1209696,37031,1296.4292267609526,0.0062467199025833505,2,4.0,4.0,same,False,
424,36434,36447,1813.508513903837,0.004794479220081525,6,3.0,3.0,same,True,7.0
425,37039,37191,6099.599400779998,0.0039699631045248315,3,4.0,4.0,same,False,
489,83225,83262,2827.400293555592,0.012759364114150894,2,3.0,4.0,less major,False,
489,1350902,764772,817.3514849816955,0.010529197977086412,5,4.0,4.0,same,False,
489,761238,82139,1215.7081105263271,0.014650100194140744,1,3.0,3.0,same,False,
490,1698133,83243,1069.7765046969394,0.017175017096064102,1,3.0,3.0,same,False,
490,891271,1005290,1082.8350289852253,0.008762125179871483,6,4.0,4.0,same,False,
499,61394,61391,464.55493754781116,0.017776700829666498,1,4.0,4.0,same,False,
499,1377134,59796,1290.6251663434657,0.01007380041158695,5,3.0,3.0,same,False,
499,1691086,60520,3141.8303407418784,0.015434488402822022,2,4.0,4.0,same,False,
500,59809,844608,2449.8280204943744,0.010787999503229385,5,4.0,4.0,same,True,4.0
500,1148115,60494,1575.737252844578,0.014124969817578084,2,4.0,4.0,same,False,
500,59797,59767,969.0024974167887,0.008473287257382207,8,3.0,3.0,same,False,
501,59395,59448,1702.7104422064758,0.006448605879343214,3,4.0,4.0,same,False,
501,59808,59763,1872.5746820895167,0.009596015808146108,1,3.0,3.0,same,False,
501,983959,57531,109.01986057486455,0.006866169231923847,2,4.0,4.0,same,False,
502,59540,59539,171.1049385607338,0.009251097602379778,5,4.0,4.0,same,False,
502,810941,61297,615.2697375950229,0.019402197976448165,1,3.0,4.0,less major,False,
517,985246,566653,330.1029233436475,0.005426433476545257,5,4.0,4.0,same,False,
517,1056589,53453,491.2899347634104,0.013675129798567017,1,4.0,4.0,same,False,
518,1149656,54839,413.0184015265398,0.010415581812865247,1,4.0,4.0,same,False,
518,984845,54837,2794.050507776146,0.00945444993950076,2,4.0,4.0,same,False,
518,1003594,53484,150.53305284922408,0.0031434874865074874,10,4.0,4.0,same,False,
522,1002191,641191,1648.2133751422064,0.009344930588186678,6,4.0,4.0,same,False,
522,1320307,60074,604.4449437286248,0.011963763949061259,2,4.0,4.0,same,False,
523,60069,60068,177.9852802902411,0.02006298493165574,1,4.0,4.0,same,False,
526,60766,60748,904.3079342790151,0.007083258041543808,5,4.0,4.0,same,False,
526,1006271,60667,1822.6657071432485,0.00898853688636986,1,4.0,4.0,same,True,6.0
527,482758,569193,506.150461818668,0.01944241310338332,3,4.0,4.0,same,False,
528,1350171,556371,3335.2003028304257,0.017376385076974647,3,4.0,4.0,same,False,
529,1007635,1007502,379.79706423297637,0.017408713180553207,1,4.0,4.0,same,True,7.0
529,598480,422974,738.9423387507043,0.010134756742446897,5,4.0,4.0,same,False,
533,985088,556416,1296.50564981415,0.008836247285738296,8,4.0,4.0,same,False,
533,812198,681228,2186.110960129496,0.016822362724127883,2,4.0,4.0,same,True,5.0
533,574698,74038,739.6166169030445,0.01791374686230914,1,3.0,3.0,same,False,
534,996793,60570,5398.205349928808,0.021680961624359337,1,4.0,4.0,same,False,
534,62297,62323,2310.5281690556913,0.012810937352521638,3,4.0,4.0,same,False,
535,1003239,62411,626.7149272199257,0.010806524100426025,3,4.0,4.0,same,False,
548,60555,25500,543.1390613829843,0.008461181818750734,3,4.0,4.0,same,False,
548,60712,60694,544.4530925614276,0.006004657604556492,7,4.0,4.0,same,False,
549,59704,59699,1046.8854617376185,0.008972348556163301,7,3.0,3.0,same,False,
549,983697,59829,103.30696975516898,0.014379449632618854,2,4.0,4.0,same,True,6.0
549,811440,59809,871.7112939496415,0.019407475938349406,1,4.0,4.0,same,False,
552,1002989,56885,483.6844632609212,0.008420398665995189,1,4.0,4.0,same,False,
552,818867,59217,1723.9547702894681,0.004433734172270794,4,4.0,4.0,same,False,
553,1004569,56975,1072.89302821924,0.00809207313316939,3,4.0,4.0,same,False,
553,876596,552429,1933.6021203959904,0.018339255682553676,1,4.0,4.0,same,False,
553,1544513,160422,2013.9305276003108,0.005410530770898314,4,4.0,4.0,same,False,
566,1003963,49306,2197.9601179267847,0.006497633812435155,4,3.0,3.0,same,False,
566,49300,49262,2689.1354837572176,0.005787131323920877,6,3.0,4.0,less major,False,
566,810232,49612,3486.3682794563924,0.00727504974698899,1,4.0,4.0,same,True,2.0
567,48882,49270,2438.923125069774,0.005997318080881698,1,4.0,4.0,same,False,
574,49179,49209,197.30570189428232,0.009037708940461308,1,4.0,4.0,same,False,
574,581913,810733,80.07121830002811,0.005322683909386539,7,4.0,4.0,same,False,
597,1007072,82677,2585.026407989166,0.007511993128460116,2,4.0,4.0,same,False,
597,82630,759526,2385.5561573779796,0.009196050237487405,1,4.0,4.0,same,True,3.0
598,52080,52079,128.19801090554185,0.01296737373334401,2,4.0,4.0,same,False,
600,82706,25279,679.6423324073851,0.009323596010543203,5,4.0,4.0,same,False,
602,984066,82615,568.4331535017992,0.014772932660453639,1,4.0,4.0,same,False,
604,1099623,81937,287.6646832681854,0.012781047999590275,2,4.0,4.0,same,False,
604,1006467,1731618,318.27990825681917,0.007423478574868381,7,4.0,4.0,same,False,
614,556631,85388,3207.5154013660413,0.007117294860451859,1,4.0,4.0,same,False,
614,1006441,85376,1530.6608932092456,0.0062325718058223265,4,4.0,4.0,same,False,
615,690867,586416,102.04729295736328,0.01925210130306925,1,4.0,4.0,same,False,
615,1007106,1009201,178.78461902525106,0.015145980144374483,2,4.0,4.0,same,False,
617,1459236,983878,486.9872277588024,0.004657695007348143,6,4.0,4.0,same,False,
617,1005738,83125,436.19781063234666,0.005468506092289423,4,4.0,4.0,same,False,
617,1007233,85300,3159.104849477892,0.006823197532547525,1,4.0,4.0,same,False,
618,1401939,83174,457.9467217932845,0.005131265303005742,3,4.0,4.0,same,False,
618,1007314,556804,2280.908840792435,0.006884684835171132,1,4.0,4.0,same,True,2.0
620,1007543,82964,1031.143695126559,0.005612066479050935,6,4.0,4.0,same,False,
620,1007030,869982,306.7631333767606,0.010843946130112872,1,4.0,4.0,same,False,
622,598541,51606,1605.549242471374,0.01020820305644047,2,3.0,3.0,same,False,
623,556602,422274,1708.984657625367,0.010352722705055746,1,4.0,4.0,same,False,
626,81367,81441,4680.768964605105,0.009599986671687814,3,4.0,4.0,same,False,
627,81998,82016,1684.6341116100002,0.012687882733494653,3,3.0,4.0,less major,False,
627,82006,1559094,54.04599892713402,0.010774588922186397,6,4.0,4.0,same,True,9.0
639,810261,49770,471.78216371541123,0.004364325209596778,2,3.0,3.0,same,False,
639,556612,49751,175.30730161628705,0.0036341732279888943,4,4.0,4.0,same,False,
640,513999,48406,822.3002188970656,0.0070015439165822,1,4.0,4.0,same,False,
640,1003713,1708395,1933.0680407059856,0.0038766103241246047,5,4.0,4.0,same,False,
642,51075,51076,192.93942054475002,0.0128904301807325,2,3.0,4.0,less major,False,
642,1007207,51065,74.60630000260569,0.007200498863067923,5,4.0,4.0,same,False,
642,1005698,51460,230.83164861035266,0.009908073920655848,4,4.0,4.0,same,False,
652,1680337,422439,1880.0587650389261,0.0035689081337359576,7,4.0,4.0,same,False,
652,585854,57760,2389.0462071720226,0.002942244133961334,8,3.0,3.0,same,False,
652,56491,56548,3390.7995591007507,0.007416435484333259,2,3.0,3.0,same,False,
672,60096,681602,612.3047035594341,0.012707561408323229,2,3.0,4.0,less major,False,
735,557214,46655,3674.212243461172,0.004656094589137665,2,4.0,4.0,same,False,
738,165563,165558,1193.7921092045726,0.0017352774796145199,8,4.0,4.0,same,False,
740,664389,46923,789.617787287063,0.005555462632774891,1,4.0,4.0,same,False,
760,164676,164674,214.17137997413144,0.001598938934723942,5,3.0,3.0,same,False,
761,977784,46762,2542.0388765719554,0.0015927169155139983,7,3.0,3.0,same,False,
761,556997,46936,3360.234642104687,0.003874659750052192,2,4.0,4.0,same,True,3.0
775,456290,222187,505.9140243167568,0.017862918293572005,1,4.0,4.0,same,False,
775,33596,1119236,57.96447187778505,0.005999306457190747,6,4.0,5.0,less major,False,
776,1132487,517337,931.7962438215875,0.0098433173600961,1,4.0,4.0,same,False,
893,37998,238323,2064.370589308164,0.002768206000672865,4,4.0,4.0,same,False,
894,968507,237964,3090.9574325765234,0.004068817712850859,8,3.0,3.0,same,False,
918,987904,239851,758.3821859722149,0.0031567261238439072,3,4.0,4.0,same,False,
918,983941,435740,509.95915522715205,0.004677729374556948,1,4.0,4.0,same,False,
919,1694322,814043,372.4307855157806,0.020538389122953717,1,4.0,4.0,same,False,
920,984799,239657,2663.4804391996245,0.005728616622228827,7,4.0,4.0,same,False,
920,438853,438852,2190.117992253722,0.005895706957634063,4,4.0,4.0,same,False,
922,814143,240028,1717.4621538770512,0.011850348956604227,2,4.0,4.0,same,True,5.0
922,989274,411875,902.2327914679285,0.006872863698678118,6,4.0,4.0,same,False,
933,1671012,38590,933.5474117583194,0.010505900303036594,1,3.0,3.0,same,False,
934,983347,38152,948.4552967849991,0.01063523220460685,6,4.0,4.0,same,False,
940,765259,764796,365.3379394478464,0.02150711398971735,1,3.0,3.0,same,False,
945,749917,39910,609.5553297277927,0.008442631929531829,3,3.0,3.0,same,False,
945,814636,40043,259.0742364651432,0.007723377616515813,5,3.0,3.0,same,False,
958,877114,1033231,54.502293529722216,0.008245929513655331,7,3.0,3.0,same,False,
962,1042803,38400,980.9646527777321,0.006308205649261579,5,3.0,3.0,same,False,
963,1124975,38589,3235.2716671092767,0.01088297111943791,3,3.0,3.0,same,False,
964,1719483,1719485,284.19086895930485,0.00425027887372041,2,3.0,3.0,same,False,
964,1719807,1719463,3737.9753717750204,0.004150321037155258,3,3.0,3.0,same,False,
964,1042856,40504,121.80410502112466,0.0038314149520856703,4,4.0,4.0,same,False,
967,755766,557124,371.6399467216132,0.006089854690410008,5,3.0,3.0,same,False,
969,41167,411907,3434.2486805707485,0.007458882671730685,3,4.0,4.0,same,False,
979,814648,95079,1434.4172893548125,0.007550640196791626,5,3.0,3.0,same,False,
984,1151311,988788,265.066727448051,0.008207142564056101,5,4.0,4.0,same,False,
984,41554,1374025,286.4609048369187,0.01621069999143761,1,4.0,4.0,same,False,
985,986761,42863,129.23420599841182,0.024435286426890194,1,4.0,4.0,same,False,
987,43066,833002,2583.448356364005,0.006141386501670774,3,4.0,4.0,same,False,
990,43545,43548,858.7869875586149,0.013354936325862373,2,3.0,3.0,same,False,
991,43576,1043137,1544.616878064585,0.012255952813683938,1,3.0,3.0,same,False,
996,43102,988683,81.1529420288772,0.012999670225890398,1,3.0,3.0,same,False,
1008,817579,239632,13045.503874131935,0.0015596703055830703,4,4.0,4.0,same,False,
1014,1369358,94556,1533.473971086193,0.0028836307567712623,8,4.0,4.0,same,False,
1014,95048,543595,2303.984976079376,0.0044878870020105535,6,4.0,4.0,same,True,1.0
1015,94989,94993,1209.141348230613,0.014429692742457917,1,4.0,4.0,same,False,
1029,973276,912321,438.74815099326656,0.00643591584927792,4,4.0,4.0,same,False,
1031,95033,664867,182.00890088124828,0.005789049070323959,5,4.0,4.0,same,False,
1032,844520,833854,410.4376688366329,0.006455054786938758,1,4.0,4.0,same,False,
1032,1441757,1537106,261.76053942438017,0.005390078135464787,2,4.0,4.0,same,False,
1035,1335627,646703,1273.1145313757086,0.011523738822696188,1,3.0,3.0,same,False,
1037,1053375,435841,1937.0527845160987,0.022223926190393522,1,4.0,4.0,same,False,
1040,657875,437559,2205.6922224098694,0.006581377540791161,4,4.0,4.0,same,True,9.0
1040,1272792,978553,1674.931607559936,0.00863607618139276,2,4.0,4.0,same,False,
1041,662836,615869,126.0813229626022,0.013680949199857887,1,4.0,4.0,same,False,
1050,976454,97863,1806.0810723774175,0.002334969790069943,5,4.0,4.0,same,False,
1050,1570880,974142,1401.6877897733743,0.003454580020702732,1,4.0,4.0,same,False,
1055,289012,972311,7499.352775406617,0.002119662481123488,5,4.0,4.0,same,False,
1056,1566673,972656,6152.416552867514,0.00531448038737005,2,4.0,4.0,same,False,
1066,555332,555343,590.8186354540661,0.005055888967027546,8,3.0,3.0,same,False,
1066,657888,555348,1436.5689297767958,0.009827749117459168,5,3.0,3.0,same,False,
1068,94355,973398,2281.2768025829696,0.0023424072279921446,3,4.0,4.0,same,False,
1068,972197,1545824,1694.9850264820889,0.0019215936221697247,4,4.0,4.0,same,False,
1068,287546,1682685,3967.2463409781303,0.006406579896030658,1,4.0,4.0,same,False,
1069,555285,436981,539.6682314159783,0.012505263734480142,2,3.0,3.0,same,False,
1069,287553,287546,2409.6218396256445,0.0026813837425077396,8,4.0,4.0,same,True,7.0
1071,973093,287278,2716.6231428007136,0.0012195482302695473,8,4.0,4.0,same,False,
1071,572309,972577,610.9770044777301,0.003266038067914847,2,4.0,4.0,same,False,
1072,555398,287254,1923.0345628718214,0.005207077211852837,1,3.0,3.0,same,True,4.0
1075,854601,834047,5137.1004087909405,0.005409061764485009,4,4.0,4.0,same,False,
1130,99222,99220,1114.7337798764127,0.005162114218179714,4,4.0,4.0,same,False,
1130,963800,99850,138.702703651707,0.010770577192497723,1,4.0,4.0,same,False,
1131,964833,99095,418.657592788026,0.004702463222631554,5,3.0,3.0,same,False,
1138,963690,121406,6947.664739321398,0.007295509133416327,4,4.0,4.0,same,False,
1138,963409,121776,203.80245337092268,0.005113740630823237,8,4.0,4.0,same,False,
1139,1441171,606326,872.0329408908725,0.013962996222135376,1,4.0,4.0,same,False,
1139,963389,121766,851.0034547520582,0.009327982203777679,3,4.0,4.0,same,False,
1151,98053,98050,1137.9332581478507,0.0019548635607546136,2,3.0,3.0,same,False,
1151,97886,97887,152.16126313847357,0.0017612403961215872,3,4.0,4.0,same,False,
1151,972336,1725252,2912.8934137721985,0.0015165551139085345,4,3.0,3.0,same,False,
1152,964760,22209,162.63299173236697,0.007017612746308112,1,4.0,4.0,same,False,
1184,890026,651412,472.88595876842425,0.006151527260312017,1,4.0,4.0,same,False,
1185,291411,291418,2250.0219110044072,0.006442239453741655,3,4.0,4.0,same,False,
1185,417140,99780,466.3334965458664,0.008366343395386,1,4.0,4.0,same,True,4.0
1228,1311175,307105,2180.0935622124102,0.009377033549724703,2,3.0,3.0,same,False,
1228,927448,307094,3738.0171281044027,0.011339038689504248,1,3.0,3.0,same,False,
1327,549803,672552,635.8297413616245,0.017454051864160866,2,3.0,3.0,same,True,4.0
1328,957078,125747,262.4830089735563,0.0048444907570659905,9,4.0,4.0,same,False,
1328,961175,957562,522.6551539969876,0.00746820649919022,6,4.0,4.0,same,False,
1328,1690578,549827,93.49828875458844,0.01149647530507198,1,4.0,4.0,same,False,
1329,22975,22963,533.7049559453177,0.0038851699117266585,8,3.0,3.0,same,False,
1329,743749,128022,891.5399374117569,0.006109716039568256,2,3.0,3.0,same,False,
1335,950613,126729,934.5802747757815,0.006948532174203255,6,4.0,4.0,same,False,
1335,868899,127335,876.6488578676328,0.011508229248021768,1,3.0,3.0,same,False,
1335,959097,126783,3021.2980207187366,0.008676423935110698,3,3.0,4.0,less major,False,
1336,1361348,126773,1126.9317503738118,0.007468717285391682,1,4.0,4.0,same,False,
1336,1262545,126645,625.1200844639146,0.0053525924367432,5,4.0,4.0,same,False,
1338,958335,126304,471.32100526129284,0.008765498079164422,1,3.0,3.0,same,False,
1339,1360474,124236,1453.32147166396,0.006325248344822841,1,4.0,4.0,same,False,
1351,1218743,123054,1722.9273751371907,0.002959230909621725,10,4.0,4.0,same,False,
1351,957492,122990,166.86431613637595,0.005166202385857576,4,4.0,4.0,same,False,
1352,956648,122770,354.36880505983976,0.012162008155526082,1,4.0,4.0,same,False,
1352,122991,122992,327.46080681548096,0.00659232415501454,2,4.0,4.0,same,False,
1355,116686,116697,1245.1110231621965,0.007307685861466104,2,4.0,4.0,same,True,9.0
1356,961223,116613,77.67013583130708,0.005243901251395152,4,3.0,3.0,same,False,
1356,958786,117905,102.6598753166668,0.00852681467168704,3,4.0,4.0,same,False,
1357,634471,117989,100.4930345859509,0.005563437507632042,5,4.0,4.0,same,False,
1357,117900,117901,274.01505433121594,0.005831487051088908,4,4.0,4.0,same,False,
1358,117308,117309,476.91041087372895,0.01397826528729413,4,4.0,4.0,same,False,
1360,805875,1211283,358.0940239665166,0.009615205264215864,2,3.0,4.0,less major,False,
1360,1362069,1213370,235.39689887555733,0.01468069899864477,1,4.0,4.0,same,False,
1361,117353,117357,1008.3309476548669,0.013823741322155376,5,3.0,3.0,same,True,3.0
1362,952533,118153,1082.613319703445,0.018394156134254446,1,4.0,4.0,same,False,
1363,857203,118421,211.44422432404636,0.0114763000010633,2,4.0,4.0,same,True,6.0
1363,1361379,1361376,342.94945691697717,0.013123978983162829,1,4.0,4.0,same,False,
1364,952593,118451,1338.4765705824416,0.00980368451452472,3,4.0,4.0,same,False,
1364,118671,118677,409.84671524925034,0.01414553159218657,1,4.0,4.0,same,False,
1364,117744,117731,1762.0103177897267,0.008272839720896737,4,4.0,4.0,same,False,
1365,1250276,117763,1992.3935053104203,0.006810577052945006,4,4.0,4.0,same,False,
1365,118638,118622,743.0773983909398,0.009858847938706363,3,4.0,4.0,same,True,6.0
1365,1686252,1216011,311.87798896310954,0.010744420004805749,2,4.0,4.0,same,False,
1367,959627,118729,1198.24709054518,0.0025596395477071776,9,4.0,4.0,same,True,3.0
1372,957663,124775,2899.680984178579,0.006079450980596012,5,4.0,4.0,same,True,6.0
1373,957018,552413,811.3112842796435,0.02235437765510984,2,4.0,4.0,same,False,
1385,585388,541508,127.95194410476748,0.004591206595620258,5,5.0,5.0,same,False,
1385,874967,132720,1248.0331766427187,0.0048158995334521325,4,4.0,4.0,same,False,
1386,132714,132728,2223.5159770061496,0.007665368607065299,6,4.0,4.0,same,True,8.0
1391,950854,117552,600.912847258236,0.009621777555725273,7,3.0,3.0,same,False,
1391,1696713,117596,2225.37398654689,0.015859836821717266,3,4.0,4.0,same,False,
1392,114752,114774,931.5826587055818,0.012798975264927077,2,4.0,4.0,same,False,
1392,671033,114699,1317.4723830125456,0.008838800387966748,7,4.0,4.0,same,False,
1393,873275,114453,692.2884153291604,0.006284061042840232,9,4.0,4.0,same,True,8.0
1393,1256981,478957,165.38515652863168,0.01365097611646566,4,3.0,3.0,same,False,
1394,952322,114640,807.0457298071794,0.001718596460880246,9,4.0,4.0,same,False,
1394,114716,581919,1448.3670287590674,0.014600045369062063,1,3.0,3.0,same,False,
1395,114527,22368,22.680828909372956,0.008809504559852502,1,4.0,4.0,same,False,
1396,811329,478975,559.0984260400031,0.013364515068895072,5,3.0,3.0,same,False,
1397,1216831,114008,96.3714688069082,0.016160039519709863,1,4.0,4.0,same,False,
1397,114504,951995,441.84319616786297,0.00938421445302196,8,4.0,4.0,same,False,
1402,834816,117268,1019.5050024391944,0.0224226459557246,1,3.0,3.0,same,False,
1402,961268,117248,207.64248120363962,0.011129017652061285,6,4.0,4.0,same,False,
1405,115909,115910,267.03531601625434,0.00758065776314881,3,4.0,4.0,same,False,
1407,806444,959656,1833.6102884746329,0.01858490179418922,1,3.0,3.0,same,False,
1408,805186,117305,140.28635001346535,0.02072715013707238,1,3.0,3.0,same,False,
1414,1258358,124486,567.1194759484781,0.00908350129501402,1,3.0,3.0,same,False,
1414,1361411,1543637,360.6012756488151,0.008612821590390165,2,4.0,4.0,same,False,
1415,959350,124507,414.0840735886446,0.005958245575331664,7,3.0,3.0,same,False,
1419,1253842,123416,1070.2291436884705,0.0153632690018072,1,3.0,3.0,same,False,
1419,956713,1261325,593.7454841944357,0.006213229560061023,6,4.0,4.0,same,False,
1424,126324,806020,3242.1368293151077,0.005888816422297498,4,5.0,4.0,more major,False,
1424,806774,126122,1317.8699670301316,0.009063027707729047,2,3.0,3.0,same,False,
1424,1696490,671165,636.9466932169469,0.0053873578976577985,5,3.0,3.0,same,True,8.0
1425,549824,549814,668.0383521924343,0.0060511975525947585,2,3.0,3.0,same,False,
1426,1697097,126050,1665.6008075168097,0.020577935441449136,1,3.0,3.0,same,True,3.0
1427,776854,549904,898.4342491239634,0.006198372771602242,2,4.0,4.0,same,False,
1427,126352,126351,523.3598475230577,0.005843451043972459,3,3.0,3.0,same,False,
1427,549917,549908,2733.92975037698,0.006601399938350952,1,4.0,4.0,same,True,8.0
1428,1360748,126197,615.355783267666,0.006433100522887725,3,3.0,3.0,same,False,
1429,1686356,126686,2448.060816237937,0.00968539782875432,2,3.0,3.0,same,False,
1429,671172,671177,2135.7904485225035,0.005893255887963253,5,3.0,3.0,same,False,
1429,653982,653972,1239.8103161370066,0.012963384079232318,1,3.0,3.0,same,False,
1435,122492,122494,4437.2282395655775,0.0037364507614208865,1,4.0,4.0,same,False,
1436,957259,127078,2711.4999686517267,0.0015219698757017684,8,4.0,4.0,same,True,7.0
1436,126900,126899,351.21736859031046,0.004416717838143954,2,4.0,4.0,same,False,
1436,126890,440227,3105.746319325514,0.005850906086550848,1,4.0,4.0,same,True,4.0
1437,951737,143197,1318.9425537147852,0.005620705478317459,2,3.0,3.0,same,False,
1440,1693450,143055,164.0714478514777,0.012269554949371618,1,3.0,3.0,same,False,
1441,951865,127003,1646.6575995027017,0.008890218455393143,4,4.0,4.0,same,True,1.0
1441,127321,127484,4212.682361631439,0.010474350523887599,3,3.0,3.0,same,False,
1441,1292164,127019,1356.0929798502539,0.010775154019850948,2,4.0,4.0,same,False,
1442,806626,127399,1757.5879067631297,0.011670901600657863,2,3.0,3.0,same,False,
1445,589054,143653,2208.543701174451,0.008566533020833723,1,4.0,4.0,same,False,
1445,1361209,143647,678.356845620353,0.008134295046853863,3,4.0,4.0,same,False,
1446,959404,143153,634.4139027480403,0.006921735563940427,1,4.0,4.0,same,False,
1448,144231,562167,1367.4509607303316,0.004978578070683939,3,4.0,4.0,same,False,
1448,950612,636235,1339.266679940922,0.005166352265721701,1,4.0,4.0,same,False,
1449,1545124,144232,2064.859426207426,0.00531945008624762,3,4.0,4.0,same,False,
1449,1297368,631522,592.5247674142628,0.006185528135071393,1,4.0,4.0,same,False,
1449,631511,631513,1046.6440273563578,0.0049647062887630804,4,4.0,4.0,same,False,
1453,756605,144545,1180.57453809575,0.006164887449871003,1,4.0,4.0,same,False,
1453,144389,144388,356.6978833692352,0.004689420359227089,5,4.0,4.0,same,False,
1458,952588,952572,515.2211661020062,0.00832644013081905,2,3.0,3.0,same,False,
1458,1330819,959058,1753.6815588924167,0.0096939271414726,1,4.0,4.0,same,False,
1459,1721486,143255,1348.4000148320256,0.005608663935405444,4,4.0,4.0,same,False,
1459,958065,143375,305.864349017665,0.008250694343157602,2,3.0,3.0,same,False,
1461,952653,143361,142.91179097580888,0.009760818381889557,1,3.0,3.0,same,False,
1463,549838,777314,1208.778097915414,0.006289356252248075,2,4.0,4.0,same,False,
1463,958952,127921,1409.0592358018712,0.005368694671782167,3,4.0,4.0,same,False,
1464,562090,1247072,622.5744132226583,0.0064733909699677605,4,5.0,5.0,same,False,
1467,806408,541437,1132.5563517992261,0.006512041281388712,3,3.0,3.0,same,False,
1468,958637,125287,4638.867241040001,0.007360996339295907,1,3.0,4.0,less major,False,
1469,874044,125219,2996.8238536824333,0.005468213608518946,3,4.0,4.0,same,False,
1470,1360153,125426,611.2365908549839,0.00566975274106166,4,3.0,3.0,same,False,
1470,959634,125716,108.71660406837142,0.010983751880335287,1,4.0,4.0,same,False,
1471,125542,854136,3787.8011457836146,0.009521029775771992,1,4.0,4.0,same,True,5.0
1471,957418,125682,2002.8601798427783,0.009330586352057626,2,4.0,4.0,same,False,
1472,1360272,1259247,387.3321313804868,0.009503366018880487,4,4.0,4.0,same,False,
1477,957957,728693,151.41426617129684,0.009490614992164956,4,4.0,4.0,same,False,
1478,671213,138256,829.575680694659,0.007190072185371987,2,4.0,4.0,same,False,
1479,961002,550024,1930.550835900886,0.005821009353190153,4,4.0,4.0,same,False,
1480,960808,646645,374.72968924278274,0.00661004222529826,6,3.0,3.0,same,False,
1481,550069,874046,789.9837086927841,0.00799698247529071,3,4.0,4.0,same,False,
1483,139511,139533,1763.9560000177776,0.008443348019761376,4,4.0,4.0,same,False,
1483,138859,951282,1087.568296705074,0.011207116268101844,1,4.0,4.0,same,False,
1484,139201,139080,3658.161807519905,0.006403912069750093,1,4.0,4.0,same,True,7.0
1486,951188,951173,453.69809344981275,0.007597425348110567,6,4.0,4.0,same,False,
1486,872206,139634,1120.4226791704807,0.010772217422152107,1,4.0,4.0,same,True,4.0
1486,160901,139801,3318.9689995542963,0.005421613309519284,8,3.0,3.0,same,False,
1487,958966,139807,852.6136405191944,0.012827842456189214,2,3.0,3.0,same,False,
1504,146060,954490,157.17028981331046,0.0033512843222561297,6,4.0,4.0,same,False,
1506,959815,146134,790.8215601512146,0.0071303400448317926,1,4.0,4.0,same,False,
1506,960083,146258,2141.7860607456196,0.0029686577830184985,3,4.0,4.0,same,False,
1507,872088,872108,3763.4177724510405,0.006271589337017555,2,4.0,4.0,same,False,
1507,549780,22516,2217.370724528676,0.007226205534009337,1,4.0,4.0,same,False,
1513,1267014,146527,192.73518101307013,0.005239265171504601,2,5.0,4.0,more major,False,
1513,146587,146582,2056.0009654669243,0.0057253622334254226,1,4.0,5.0,less major,False,
1514,949625,146200,1688.5341927244024,0.009156662973177652,1,4.0,4.0,same,False,
1514,146518,146512,1500.9387629068042,0.006742235436028509,3,4.0,5.0,less major,False,
1514,958569,146151,480.8723843192655,0.004637402193855856,6,4.0,4.0,same,False,
1517,956879,956940,1967.4018018703698,0.004776293780452685,6,4.0,4.0,same,False,
1523,672791,144980,1313.3716800665943,0.006009834921313904,3,3.0,3.0,same,False,
1524,564013,139204,517.6470322530445,0.010293550412708954,1,4.0,4.0,same,False,
1524,960420,139424,2337.9437910263646,0.008298055234832293,2,4.0,4.0,same,False,
1525,960257,145215,3089.2245321439286,0.00486364292260972,4,4.0,4.0,same,False,
1532,429083,429080,617.5577219985294,0.0052204425111511375,1,4.0,4.0,same,False,
1534,1365907,140311,374.6699080527011,0.007186776329239364,1,4.0,4.0,same,False,
1534,950633,139925,2215.0858335522958,0.0067271847426127905,2,4.0,4.0,same,True,3.0
1535,959075,545841,1128.5159148193015,0.008020139206541519,1,4.0,4.0,same,True,6.0
1536,26385,138807,3141.298083596336,0.012905953463012017,1,4.0,4.0,same,False,
1537,951158,139895,4772.091820154983,0.012911892248436706,1,4.0,4.0,same,False,
1537,951412,776200,253.72016080683605,0.011098708277389483,4,3.0,3.0,same,False,
1544,1361893,137168,1035.1456757387111,0.0128371145053501,2,3.0,3.0,same,False,
1544,961065,23127,84.43914968811723,0.010552705473812058,3,4.0,4.0,same,True,4.0
1545,137119,137113,1954.7434025979537,0.009439940631603973,3,3.0,3.0,same,False,
1546,776746,776752,2037.4775974228535,0.013739686530935977,1,4.0,4.0,same,False,
1546,960435,137319,1192.784045836114,0.006042232325029789,6,4.0,4.0,same,False,
1547,1241717,21906,4189.3699108577175,0.03050622780742427,1,4.0,4.0,same,False,
1556,794713,1637449,1959.7546377033038,0.006519487557214304,1,4.0,4.0,same,False,
1558,1578400,671767,1039.1076556356209,0.009853648563876216,2,4.0,4.0,same,False,
1558,125475,125477,117.5657262976745,0.00828769552938059,3,4.0,4.0,same,False,
1558,1223320,671771,1091.3160174757772,0.010616981971733159,1,4.0,4.0,same,False,
1559,125515,125495,960.8214194113585,0.007849775255530498,4,4.0,4.0,same,False,
1559,125245,1260910,572.7983589360448,0.01044006098152413,2,4.0,4.0,same,True,9.0
1580,997847,107518,1500.4197346072094,0.006866252608168199,4,4.0,4.0,same,True,7.0
1580,603090,160478,1077.9166247898866,0.01066013702313152,1,4.0,4.0,same,False,
1581,1000126,119308,428.94098661703134,0.011334719843248874,2,4.0,4.0,same,False,
1581,997696,119330,161.10251394687342,0.013818072815450584,1,4.0,4.0,same,False,
1582,109321,109326,706.0649970091832,0.006998334907363672,3,4.0,4.0,same,False,
1582,884873,109570,229.29162653737876,0.008058238052175173,1,4.0,4.0,same,True,2.0
1583,550385,999142,2418.3575521415355,0.004887547096667469,9,4.0,4.0,same,False,
1584,119295,119303,1993.7039499384025,0.010721845712822942,1,3.0,4.0,less major,False,
1584,119312,1545427,2130.9290602927317,0.007833423052348463,4,4.0,4.0,same,False,
1586,107040,550278,3500.5352076510417,0.005084430882616539,2,4.0,4.0,same,False,
1586,1152523,1202102,537.0825355560456,0.006366020242302957,1,4.0,5.0,less major,False,
1589,1204697,107154,539.519832813958,0.005761874185077359,6,4.0,4.0,same,True,10.0
1618,1732592,103807,5500.423338253245,0.01565252579047131,1,4.0,3.0,more major,False,
1619,766770,1172099,935.1519234865541,0.010739694941241494,2,3.0,3.0,same,False,
1620,103254,104930,1247.2706201958329,0.0065829505297234315,3,4.0,4.0,same,True,6.0
1666,72312,72336,285.7092578129059,0.009197125136350272,7,3.0,3.0,same,False,
1666,1180023,72394,469.349262277783,0.012072640647442264,3,3.0,3.0,same,False,
1667,72806,72815,951.2649683447983,0.01401919308313137,2,4.0,4.0,same,False,
1668,1308600,72919,2274.0555182314683,0.009174334853185502,3,4.0,4.0,same,True,9.0
1669,1212307,72717,1422.4321881903527,0.01149016523012792,1,3.0,3.0,same,False,
1687,104169,104170,991.2137458691618,0.007548124714704899,8,3.0,3.0,same,False,
1692,73365,73372,297.60814841030174,0.00985413575252541,2,3.0,3.0,same,False,
1697,78360,1167527,934.1130552558835,0.011393879374799597,2,4.0,4.0,same,False,
1698,536570,536568,819.4633609872101,0.02384567447737473,3,4.0,4.0,same,True,9.0
1702,110814,110801,1071.6105635905453,0.008938649050354311,3,4.0,4.0,same,False,
1706,1032282,1131563,295.44231247401535,0.01208761519571913,2,4.0,4.0,same,False,
1706,110834,110832,240.34729039417311,0.010318447049771714,3,4.0,4.0,same,False,
1707,1000419,1135045,408.18588902582354,0.010671676334597894,5,4.0,4.0,same,False,
1709,111046,1000302,1404.2493546375586,0.010071221773003056,2,4.0,4.0,same,False,
1709,111103,110778,2853.627883940731,0.006077911998615344,5,4.0,4.0,same,False,
1709,536675,111013,439.7870052653087,0.009694770472168705,3,4.0,4.0,same,False,
1710,110681,110728,2959.7658437790337,0.007855416926641899,1,4.0,4.0,same,False,
1710,997695,110453,856.3207634990197,0.0077376713536605754,3,4.0,4.0,same,False,
1715,105843,105811,1165.8303864628083,0.014383373892910634,1,4.0,4.0,same,False,
1716,997025,105843,135.96720192691873,0.008951800909624708,5,4.0,4.0,same,True,1.0
1717,878458,600460,2555.9626366590596,0.004210639943621203,10,3.0,4.0,less major,False,
1717,114846,114909,2564.652276625381,0.01901605083363332,2,4.0,4.0,same,False,
1718,998023,108625,1063.1024268620906,0.013644193045663345,1,3.0,3.0,same,False,
1718,1546158,115162,1167.6551888293025,0.006124908458492198,4,4.0,4.0,same,True,8.0
1720,105774,105779,999.400020012001,0.012237895671350798,5,5.0,5.0,same,False,
1720,824446,105814,994.0338273924746,0.013167422411114554,3,4.0,4.0,same,False,
1721,600452,114913,1088.4245357395687,0.006260595972552275,6,4.0,4.0,same,False,
1721,997003,108346,1854.6120942124858,0.011249869873638733,1,3.0,3.0,same,True,2.0
1722,600455,114867,690.1651179247065,0.0076151462354905365,3,4.0,4.0,same,False,
1724,1578925,109746,709.50138125306,0.012034573156883888,2,4.0,4.0,same,False,
1725,1139130,108624,280.3143949211372,0.014225333613123229,2,3.0,3.0,same,False,
1728,997885,116082,993.3067451710037,0.013587710658728734,2,4.0,4.0,same,False,
1729,884811,997781,533.5945464494703,0.013644298366087177,2,4.0,4.0,same,True,4.0
1740,885397,601252,731.3370905403382,0.007654578752709501,3,4.0,4.0,same,False,
1740,162856,112263,905.3463094308073,0.010198273544396758,1,4.0,4.0,same,True,4.0
1741,1162049,24129,2166.959623527853,0.009994192551803048,4,4.0,4.0,same,False,
1742,111075,111099,2232.888812727009,0.010774978502601687,1,4.0,4.0,same,False,
1746,114060,115696,8656.618030154586,0.010298042475095116,2,4.0,4.0,same,False,
1746,536962,112560,2082.716603381128,0.011949027818540988,1,4.0,4.0,same,False,
1747,115649,115639,750.0671036647282,0.03744591590684119,1,4.0,4.0,same,False,
1748,115646,1071370,1205.4069727688395,0.01033640995544975,4,4.0,4.0,same,False,
1749,114096,1141894,505.32054183494716,0.017094212085044615,1,4.0,4.0,same,False,
1750,1000673,113994,484.93550086670376,0.0162342913941802,1,4.0,4.0,same,False,
1751,1000026,113876,2025.2931837135857,0.01702501529282757,1,4.0,4.0,same,False,
1762,1001429,80365,591.6617699335308,0.014385657665871913,1,4.0,4.0,same,False,
1762,80464,80468,482.1692337760544,0.008258329445113092,3,4.0,4.0,same,True,9.0
1762,550158,1000791,411.5389896463367,0.006619354598923543,6,4.0,4.0,same,False,
1763,1173852,80900,488.778579727341,0.014852058401211747,2,4.0,4.0,same,False,
1764,1001078,112763,7351.179171398329,0.014264234855634075,5,4.0,4.0,same,False,
1764,601941,80348,160.00528116284153,0.017496342595587924,2,4.0,4.0,same,False,
1773,113017,113010,643.192941503554,0.005813739659808726,10,4.0,4.0,same,False,
1773,112948,112924,2193.3048397341445,0.016608452665833422,3,3.0,3.0,same,False,
1774,1163340,112688,456.82317147857265,0.021996983992657614,3,3.0,3.0,same,False,
1779,572849,78892,1074.2065955857836,0.01728115957267714,1,4.0,4.0,same,False,
1784,687571,80932,1195.7270340675414,0.014406746246718668,1,4.0,4.0,same,False,
1796,997654,110019,1522.556222279206,0.004240007605298178,8,3.0,3.0,same,False,
1797,827266,109184,355.50744014718373,0.010956543336443365,1,4.0,4.0,same,True,4.0
1798,109663,109662,149.23903644856276,0.005726388012161752,3,4.0,4.0,same,False,
1798,1000051,550363,852.5966514122488,0.0019121227752626996,9,4.0,4.0,same,True,4.0
1799,1223584,107275,2036.0372933716064,0.008591128907939328,2,4.0,4.0,same,False,
1799,997389,109255,708.947000840623,0.01054298236218739,1,4.0,4.0,same,False,
1800,109478,109325,1666.5856893661364,0.005737467895401541,4,4.0,4.0,same,True,7.0
1800,999868,109186,303.95159154048247,0.006267502397996224,3,4.0,4.0,same,False,
1801,1130629,108052,631.0601397644542,0.013732915461448501,2,4.0,4.0,same,False,
1801,573135,108036,611.806309218857,0.00956443680296683,4,4.0,4.0,same,False,
1802,1130729,108798,785.3868155250414,0.007808669582282125,2,4.0,4.0,same,False,
1802,1031928,108790,411.5332914850086,0.008013140573062435,1,4.0,4.0,same,False,
1803,885772,536999,1034.5338757129691,0.005836104674065888,4,4.0,4.0,same,True,8.0
1804,1221321,536872,3034.749922152857,0.008916109432027882,1,4.0,4.0,same,True,8.0
1805,618239,107984,4105.896006963644,0.00598714135969799,3,4.0,4.0,same,False,
1805,999919,109593,783.9054598607013,0.004226467912039636,6,4.0,4.0,same,False,
1805,1031670,108562,1300.429359865333,0.007044109124426818,1,4.0,4.0,same,False,
1806,827396,108162,1496.4921650313272,0.00595061398854078,4,4.0,4.0,same,False,
1806,1231811,105675,649.49906851358,0.011769661428557248,1,3.0,3.0,same,False,
1807,827398,108226,501.5988237624738,0.005354071921998442,3,4.0,4.0,same,False,
1808,600821,1031783,173.68016582221523,0.011609489039777376,5,4.0,4.0,same,False,
1813,998930,119807,1408.280256199532,0.004819899441377817,2,3.0,3.0,same,False,
1813,1031851,109564,145.62983897504583,0.0032076227080062645,6,3.0,3.0,same,False,
1814,828716,120132,1895.6524998004131,0.00860339994166608,1,4.0,4.0,same,False,
1815,110053,110016,2235.635777581694,0.008020355628565786,2,3.0,3.0,same,False,
1816,1000436,120314,931.6798001466964,0.007296705280555721,1,4.0,4.0,same,False,
1832,1151732,1340273,495.55278225432227,0.007744685301539997,3,3.0,3.0,same,False,
1832,69850,69859,1131.2182194434572,0.0034953211907814597,6,4.0,4.0,same,False,
1832,582312,69759,3631.036022956177,0.013144174263130429,1,3.0,3.0,same,False,
1833,1267152,69780,614.9203281730554,0.008776352496517602,1,3.0,3.0,same,False,
1833,69940,69909,1182.908910270943,0.006462827928160094,5,4.0,4.0,same,False,
1833,998594,559416,1274.6927982840234,0.006682416150845216,4,4.0,4.0,same,False,
1834,102937,102939,1789.5753071618626,0.008100215476175319,3,3.0,3.0,same,False,
1835,1197825,103361,1721.008221944707,0.007750981730636757,4,4.0,4.0,same,True,5.0
1836,102204,102184,1971.5023129568979,0.011487369638021234,1,4.0,4.0,same,False,
1861,163491,597582,7695.575347561122,0.003642362173046126,3,4.0,4.0,same,False,
1861,850818,136368,1582.7336762694385,0.003787242281852522,2,3.0,4.0,less major,False,
1862,136270,135739,9382.120626489599,0.0035952750335564777,1,3.0,3.0,same,False,
1869,163770,163777,4073.774477066689,0.0026733716508934658,4,3.0,3.0,same,False,
1870,978806,164272,2878.4806304715758,0.010124484676802385,2,3.0,3.0,same,False,
1870,971277,164242,1502.8610880587123,0.010492798130533136,1,3.0,3.0,same,False,
1872,969917,735067,8564.09541866447,0.0027871347303060562,1,4.0,4.0,same,False,
1892,605085,558756,5511.186565522642,0.005726266491851792,2,4.0,4.0,same,False,
1892,976664,961431,2299.302774755861,0.007598053372437978,1,4.0,4.0,same,False,
1892,1385485,543425,1077.5699420448475,0.004945168324712428,4,4.0,4.0,same,True,8.0
1893,137799,137765,4911.055464969626,0.0049716572840582595,1,4.0,4.0,same,False,
1893,1200971,427195,2834.5752732988285,0.0047054967909237085,2,4.0,4.0,same,False,
1895,1204421,913373,3145.396118137698,0.003584452894086106,5,3.0,3.0,same,False,
1895,867858,600702,234.90851410829396,0.005383559420561059,1,3.0,3.0,same,False,
1896,141225,141516,6580.715043975095,0.013054039389091072,3,4.0,4.0,same,False,
1900,1538932,141939,856.4883887128943,0.005143760878874376,1,4.0,4.0,same,True,2.0
1902,975868,135815,4138.41868954716,0.005493525478423904,1,4.0,4.0,same,True,9.0
1903,969859,135767,2795.307228195141,0.005221287439114396,1,3.0,3.0,same,False,
1903,969486,135929,4919.071987682259,0.004934951160971187,2,4.0,4.0,same,False,
1906,581552,313671,2299.953129956502,0.0031837610607263448,1,4.0,4.0,same,False,
1907,1677217,147294,396.0613336339508,0.009433151206931405,6,4.0,4.0,same,False,
1934,409264,264636,2309.638510677996,0.008234296998432524,1,4.0,4.0,same,False,
1934,532399,602604,232.66037479597057,0.006813577751986112,3,4.0,4.0,same,False,
1934,966721,264309,1968.3324541356394,0.0034340534179841255,7,4.0,4.0,same,False,
1935,85976,409262,96.59917183941349,0.009515575183239512,1,4.0,4.0,same,False,
1935,264426,528348,1591.0002011313516,0.008729310379150071,2,4.0,4.0,same,False,
1964,539082,1578489,3592.405880464864,0.005210565476127643,6,4.0,4.0,same,False,
1964,641824,85957,2633.183354800239,0.009447043152158925,1,4.0,4.0,same,False,
1965,644604,91856,1060.8791542873971,0.0050995440540550635,3,4.0,4.0,same,False,
1979,967696,527191,1584.741878035837,0.0037779471676516415,1,3.0,3.0,same,False,
1979,538525,581564,7077.140787776041,0.002381934086736194,2,4.0,4.0,same,False,
1980,964483,964484,200.75958258469652,0.002224138200370235,1,4.0,4.0,same,False,
1980,693700,529191,793.5021235004583,0.0008385968991902144,7,3.0,3.0,same,False,
1987,965306,262409,966.7215214326902,0.010975546396043458,1,4.0,4.0,same,False,
1987,408474,964462,974.5504399465469,0.0062862113805826885,5,4.0,4.0,same,True,8.0
2004,409429,639654,1964.3123427798175,0.010308652480498665,2,3.0,3.0,same,False,
2005,52230,409427,866.205893537961,0.003336563508165641,5,3.0,3.0,same,False,
2055,1679439,52192,1437.671412388163,0.005752367659932623,4,3.0,4.0,less major,False,
2055,982068,637664,888.757452852032,0.008139644108214685,2,3.0,3.0,same,False,
2055,1575039,982770,709.022489065059,0.007269984356960127,3,3.0,3.0,same,False,
2056,1399949,1399955,386.2059813105124,0.00810295415371134,3,5.0,5.0,same,False,
2056,639798,52197,943.3125144934737,0.017059966149113724,1,3.0,3.0,same,False,
2089,418208,320307,7766.448130902198,0.0016503934770752443,5,4.0,4.0,same,True,7.0
2090,879665,1074029,3326.2610390651744,0.0018419218996950349,3,4.0,4.0,same,False,
2119,1071866,609164,2472.0530273444115,0.002802114097324017,4,4.0,4.0,same,False,
2119,1073882,317661,266.0738619267102,0.0021265932186574983,9,4.0,4.0,same,False,
2120,1694988,147688,2216.089768037047,0.002907080212399425,2,4.0,4.0,same,False,
2120,1618529,318021,2615.5924529626254,0.004617662958051901,1,4.0,4.0,same,False,
2139,879542,573680,4131.639612792461,0.00360813620306572,5,4.0,4.0,same,False,
2139,1674122,417557,3677.5563897787574,0.003815008613841019,3,4.0,4.0,same,False,
2139,805633,574754,3504.10853998597,0.004706325964852445,1,4.0,4.0,same,True,8.0
2140,1577028,805629,344.84141282619504,0.005590274500377359,4,4.0,4.0,same,False,
2140,1637634,575354,1606.9069170303555,0.009859888443430057,1,4.0,4.0,same,True,2.0
2140,1072562,741584,4027.4660048221317,0.00793493255814632,3,4.0,4.0,same,False,
2175,1686358,147180,1687.2396539906717,0.004708371001370078,1,3.0,4.0,less major,False,
2175,732066,312541,5794.896024951612,0.001280889308620901,8,4.0,4.0,same,False,
2175,1085155,574803,5900.423073814141,0.0031528272160234456,3,3.0,4.0,less major,False,
2176,732068,147051,99.1758539175301,0.00224767212641684,3,4.0,4.0,same,False,
2239,328955,325282,19204.62441392766,0.0009087403400479274,9,4.0,4.0,same,False,
2239,329011,329069,967.9559132514555,0.0017944136969302307,4,4.0,4.0,same,False,
2240,325797,148562,1995.6257189162543,0.012757043736596444,1,3.0,3.0,same,False,
2241,817358,325989,1632.3541282454614,0.009874515511307903,1,3.0,3.0,same,False,
2568,502280,196188,1309.7542403058005,0.010925005098823822,1,4.0,4.0,same,False,
2590,194645,194643,305.60736247675646,0.00820230017201337,3,4.0,4.0,same,False,
2590,933596,29873,83.74037258022744,0.010182760911632808,1,4.0,4.0,same,False,
2591,1012675,502909,1194.4460012906054,0.003397561483720067,2,4.0,4.0,same,True,5.0
2648,29216,29218,352.5666461820718,0.0031218975982190028,1,4.0,4.0,same,False,
2650,29211,187960,1491.7080578977123,0.0009933094858770705,7,4.0,4.0,same,False,
2650,1725162,191174,2033.8841387854497,0.001059437881701502,6,5.0,5.0,same,False,
2651,924463,924407,257.35928193830387,0.0012918371941836233,3,4.0,4.0,same,False,
2662,1566953,1016753,772.6965251649946,0.008145358771034592,4,3.0,3.0,same,True,1.0
2663,503960,188803,767.5169444385417,0.026624905169294596,1,3.0,3.0,same,True,3.0
2686,188143,188134,2071.315787126629,0.000811878112619044,5,5.0,5.0,same,False,
2686,417946,188105,1439.5921227900317,0.0024031305702661688,1,4.0,4.0,same,False,
2691,191703,29589,636.4451586743633,0.0011498840076991734,8,4.0,4.0,same,False,
2692,1542983,29639,1724.8078907518882,0.0007084637829698004,4,4.0,4.0,same,False,
2829,170563,754042,1225.3223331024114,0.013225208599228605,1,3.0,4.0,less major,False,
2829,1366779,170560,2389.6520771856376,0.012945683499042598,2,3.0,3.0,same,False,
2831,697177,170484,3253.4596017162203,0.011062719898543334,6,4.0,4.0,same,False,
2831,421289,154760,400.10623589241897,0.014266612123717859,3,3.0,3.0,same,False,
2831,1083158,1083156,1071.4546747295212,0.01505945563512374,1,3.0,3.0,same,False,
2896,1658247,430113,1842.2918118477558,0.003834471387383882,8,4.0,4.0,same,True,1.0
2897,421452,430104,2779.1591318232654,0.015676819004785653,1,4.0,4.0,same,True,10.0
2983,1358554,420453,3660.7608293905764,0.005027711931120088,1,3.0,3.0,same,False,
2983,1034463,371699,2056.5845010599323,0.001347535713685203,9,3.0,3.0,same,False,
2984,371432,371433,488.13317854925344,0.007681599120069492,3,3.0,3.0,same,False,
3037,368396,368392,820.1530101145571,0.007937450750873635,1,4.0,4.0,same,False,
3038,368392,368395,729.9135085741335,0.007951592324893064,1,4.0,4.0,same,False,
3038,153566,366812,502.2673789927934,0.005480450828497589,4,3.0,3.0,same,False,
3102,557462,773424,917.9325683298363,0.015189818951712989,1,4.0,4.0,same,False,
3103,773424,773423,288.7633286966915,0.032511248621821046,1,4.0,4.0,same,False,
3104,244671,593978,2438.4959667787793,0.002958210791130325,5,5.0,5.0,same,False,
3104,244703,244704,670.708118334602,0.003484330252080099,4,5.0,5.0,same,False,
3106,245179,819592,3637.055546730072,0.005210955138172048,4,5.0,5.0,same,False,
3670,812112,401434,1503.8059050297131,0.0029464323017310634,1,4.0,4.0,same,False,
3671,158672,158705,4361.616637210639,0.0020777934532743504,1,4.0,4.0,same,True,3.0
3672,727519,158704,2087.249896394108,0.0031403871069282823,1,4.0,4.0,same,True,3.0
3709,653195,572839,6688.586185435603,0.0036894376236761184,1,3.0,4.0,less major,False,
4962,508978,210758,3093.160002328038,0.005277242530997493,1,3.0,3.0,same,True,3.0
4963,192011,192017,7249.707752730451,0.0012406562886900711,1,4.0,4.0,same,False,
5062,786131,786130,6128.578499129792,0.001046997451184976,1,3.0,3.0,same,False,
5131,32747,32738,9772.286363487436,0.002496263816958465,1,3.0,4.0,less major,False,
5131,1064461,151703,724.2936973359824,0.0007146286239648695,6,3.0,3.0,same,False,
5405,153841,676295,699.6700079318427,0.0009461547799349543,1,3.0,3.0,same,False,
5445,342470,342468,581.0965238238925,0.0008963764034896979,1,3.0,3.0,same,False,
5445,551412,150997,7279.077877039509,0.0006040498109674903,2,3.0,3.0,same,True,6.0
5446,342436,342442,768.2928673367074,0.0051638348551863965,1,3.0,3.0,same,False,
5469,254404,254412,1238.1029440235056,0.003404357528920964,8,4.0,4.0,same,False,
5473,1474667,740331,1228.2315416889405,0.013778356349675449,1,3.0,3.0,same,False,
5473,253886,253885,294.19058448491586,0.009436996688170468,2,4.0,4.0,same,False,
5474,45426,253769,2102.629401487633,0.015344458109489412,3,4.0,4.0,same,False,
5474,1079868,253822,649.9507981380115,0.02123488670608496,1,3.0,3.0,same,False,
5475,1595478,1594556,924.4962412039233,0.004308257176285595,6,4.0,4.0,same,False,
5637,274509,528243,493.63562472802914,0.0038597679240156917,1,5.0,5.0,same,False,
5638,725839,410762,18899.17904592686,0.004349361824851888,1,4.0,4.0,same,False,
5638,1086641,410764,4249.8987340873055,0.0018777356471541542,4,4.0,4.0,same,False,
5645,1608423,1687608,3498.5352277774814,0.0014187388286127191,2,3.0,3.0,same,False,
5646,677874,92816,5117.103228389888,0.0014056506213557319,6,3.0,3.0,same,False,
