A,B,FCLASS
4,65994,32
65994,4,32
4,1184335,32
1184335,4,32
5,55674,32
55674,5,32
5,66491,32
66491,5,32
7,1184321,32
1184321,7,32
7,998803,32
998803,7,32
7,55386,32
55386,7,32
8,55382,32
55382,8,32
8,55191,32
55191,8,32
12,55101,32
55101,12,32
12,55224,32
55224,12,32
12,55098,32
55098,12,32
13,1180477,32
1180477,13,32
13,1670535,32
1670535,13,32
21,927842,32
927842,21,32
21,52602,32
52602,21,32
21,53807,32
53807,21,32
22,53724,32
53724,22,32
22,25698,32
25698,22,32
22,52566,32
52566,22,32
40,37368,32
37368,40,32
40,36769,32
36769,40,32
41,36803,32
36803,41,32
41,37501,32
37501,41,32
46,54135,32
54135,46,32
46,37898,32
37898,46,32
47,600195,32
600195,47,32
47,1178451,32
1178451,47,32
48,39360,32
39360,48,32
48,39275,32
39275,48,32
49,1166455,32
1166455,49,32
49,37806,32
37806,49,32
55,1176338,32
1176338,55,32
55,582448,32
582448,55,32
55,1045554,32
1045554,55,32
56,65228,32
65228,56,32
56,996545,32
996545,56,32
56,64273,32
64273,56,32
57,64321,32
64321,57,32
57,1163074,32
1163074,57,32
57,64293,32
64293,57,32
58,66939,32
66939,58,32
59,65407,32
65407,59,32
59,65290,32
65290,59,32
60,66918,32
66918,60,32
60,991017,32
991017,60,32
61,65669,32
65669,61,32
61,65408,32
65408,61,32
62,1450425,32
1450425,62,32
62,64354,32
64354,62,32
63,66931,32
66931,63,32
63,66979,32
66979,63,32
65,1164342,32
1164342,65,32
65,66453,32
66453,65,32
66,66416,32
66416,66,32
67,66815,32
66815,67,32
67,1530775,32
1530775,67,32
68,993180,32
993180,68,32
68,66483,32
66483,68,32
68,66768,32
66768,68,32
71,73655,32
73655,71,32
71,68068,32
68068,71,32
71,73499,32
73499,71,32
72,1664998,32
1664998,72,32
72,986192,32
986192,72,32
72,66668,32
66668,72,32
73,819133,32
819133,73,32
74,73663,32
73663,74,32
76,68504,32
68504,76,32
76,74537,32
74537,76,32
77,993134,32
993134,77,32
78,750347,32
750347,78,32
78,996213,32
996213,78,32
79,71618,32
71618,79,32
79,1386919,32
1386919,79,32
80,76825,32
76825,80,32
81,1227171,32
1227171,81,32
81,71619,32
71619,81,32
84,77143,32
77143,84,32
84,77068,32
77068,84,32
84,77203,32
77203,84,32
85,77136,32
77136,85,32
86,77202,32
77202,86,32
86,586270,32
586270,86,32
87,77176,32
77176,87,32
87,77195,32
77195,87,32
89,77839,32
77839,89,32
89,77947,32
77947,89,32
90,77934,32
77934,90,32
90,77819,32
77819,90,32
90,77969,32
77969,90,32
91,797037,32
797037,91,32
92,77817,32
77817,92,32
92,1564311,32
1564311,92,32
93,77971,32
77971,93,32
93,77989,32
77989,93,32
93,77995,32
77995,93,32
94,78387,32
78387,94,32
94,77980,32
77980,94,32
94,78406,32
78406,94,32
95,77346,32
77346,95,32
95,623450,32
623450,95,32
97,1687626,32
1687626,97,32
97,991211,32
991211,97,32
97,77429,32
77429,97,32
98,77505,32
77505,98,32
101,77003,32
77003,101,32
101,77307,32
77307,101,32
101,816716,32
816716,101,32
102,77250,32
77250,102,32
102,1275000,32
1275000,102,32
102,77006,32
77006,102,32
103,1229380,32
1229380,103,32
103,74555,32
74555,103,32
103,74626,32
74626,103,32
104,1278109,32
1278109,104,32
104,1269154,32
1269154,104,32
112,55668,32
55668,112,32
112,66500,32
66500,112,32
112,760779,32
760779,112,32
113,55729,32
55729,113,32
114,66666,32
66666,114,32
114,55740,32
55740,114,32
116,993186,32
993186,116,32
116,1168861,32
1168861,116,32
116,761386,32
761386,116,32
117,66819,32
66819,117,32
117,760910,32
760910,117,32
119,989984,32
989984,119,32
120,68383,32
68383,120,32
121,68408,32
68408,121,32
121,68458,32
68458,121,32
122,68246,32
68246,122,32
122,68453,32
68453,122,32
122,819139,32
819139,122,32
123,1046209,32
1046209,123,32
130,71649,32
71649,130,32
130,1357659,32
1357659,130,32
131,1447096,32
1447096,131,32
131,572536,32
572536,131,32
131,1228718,32
1228718,131,32
133,995849,32
995849,133,32
133,71525,32
71525,133,32
133,71491,32
71491,133,32
133,1232012,32
1232012,133,32
134,71510,32
71510,134,32
134,71523,32
71523,134,32
134,582203,32
582203,134,32
134,682785,32
682785,134,32
142,71272,32
71272,142,32
142,1044827,32
1044827,142,32
142,988171,32
988171,142,32
142,71252,32
71252,142,32
143,71823,32
71823,143,32
143,763174,32
763174,143,32
147,70598,32
70598,147,32
147,70566,32
70566,147,32
147,70638,32
70638,147,32
148,1229565,32
1229565,148,32
149,71035,32
71035,149,32
149,1226863,32
1226863,149,32
149,71039,32
71039,149,32
150,71093,32
71093,150,32
150,71043,32
71043,150,32
151,760810,32
760810,151,32
151,760302,32
760302,151,32
151,71054,32
71054,151,32
151,763184,32
763184,151,32
152,70999,32
70999,152,32
152,71005,32
71005,152,32
160,763178,32
763178,160,32
160,1272932,32
1272932,160,32
161,73048,32
73048,161,32
162,72944,32
72944,162,32
162,72959,32
72959,162,32
163,998806,32
998806,163,32
164,872694,32
872694,164,32
164,71850,32
71850,164,32
165,71998,32
71998,165,32
165,986322,32
986322,165,32
167,72071,32
72071,167,32
167,1340463,32
1340463,167,32
168,77791,32
77791,168,32
168,77779,32
77779,168,32
169,78413,32
78413,169,32
169,78557,32
78557,169,32
170,476891,32
476891,170,32
173,1356309,32
1356309,173,32
173,541407,32
541407,173,32
173,79232,32
79232,173,32
174,616669,32
616669,174,32
189,996639,32
996639,189,32
189,1273867,32
1273867,189,32
190,616489,32
616489,190,32
190,79620,32
79620,190,32
192,80733,32
80733,192,32
193,90130,32
90130,193,32
194,79859,32
79859,194,32
195,22085,32
22085,195,32
195,79824,32
79824,195,32
196,80755,32
80755,196,32
196,163158,32
163158,196,32
196,80761,32
80761,196,32
211,90788,32
90788,211,32
211,90801,32
90801,211,32
212,90825,32
90825,212,32
219,872958,32
872958,219,32
219,130324,32
130324,219,32
219,990828,32
990828,219,32
219,599386,32
599386,219,32
220,992255,32
992255,220,32
220,991272,32
991272,220,32
220,873385,32
873385,220,32
221,990904,32
990904,221,32
221,599357,32
599357,221,32
221,987103,32
987103,221,32
222,599394,32
599394,222,32
222,991529,32
991529,222,32
223,1451926,32
1451926,223,32
223,991899,32
991899,223,32
223,992353,32
992353,223,32
251,991187,32
991187,251,32
251,599378,32
599378,251,32
251,569714,32
569714,251,32
252,533971,32
533971,252,32
252,131253,32
131253,252,32
257,132256,32
132256,257,32
257,480469,32
480469,257,32
257,132290,32
132290,257,32
258,589562,32
589562,258,32
258,617188,32
617188,258,32
258,974836,32
974836,258,32
265,162210,32
162210,265,32
265,91666,32
91666,265,32
265,91026,32
91026,265,32
265,131470,32
131470,265,32
266,131501,32
131501,266,32
266,586100,32
586100,266,32
266,131631,32
131631,266,32
278,1697830,32
1697830,278,32
278,91807,32
91807,278,32
278,833595,32
833595,278,32
278,813169,32
813169,278,32
279,994738,32
994738,279,32
279,1282925,32
1282925,279,32
284,551805,32
551805,284,32
285,598955,32
598955,285,32
285,91136,32
91136,285,32
285,89095,32
89095,285,32
291,995227,32
995227,291,32
291,783987,32
783987,291,32
292,994874,32
994874,292,32
292,80779,32
80779,292,32
292,21424,32
21424,292,32
293,79698,32
79698,293,32
293,598328,32
598328,293,32
294,689715,32
689715,294,32
318,70351,32
70351,318,32
319,163296,32
163296,319,32
322,69356,32
69356,322,32
322,1184803,32
1184803,322,32
323,691664,32
691664,323,32
323,69172,32
69172,323,32
326,69681,32
69681,326,32
327,69700,32
69700,327,32
334,873388,32
873388,334,32
334,65059,32
65059,334,32
335,65058,32
65058,335,32
335,64865,32
64865,335,32
338,63679,32
63679,338,32
338,64581,32
64581,338,32
339,988861,32
988861,339,32
340,64678,32
64678,340,32
341,64980,32
64980,341,32
342,65023,32
65023,342,32
348,736701,32
736701,348,32
349,69143,32
69143,349,32
349,69171,32
69171,349,32
350,880732,32
880732,350,32
350,69145,32
69145,350,32
360,67425,32
67425,360,32
360,67676,32
67676,360,32
361,67572,32
67572,361,32
362,67839,32
67839,362,32
362,67809,32
67809,362,32
364,67145,32
67145,364,32
364,67417,32
67417,364,32
365,67110,32
67110,365,32
365,67139,32
67139,365,32
366,67365,32
67365,366,32
366,1173394,32
1173394,366,32
367,67074,32
67074,367,32
367,986161,32
986161,367,32
367,543111,32
543111,367,32
368,67063,32
67063,368,32
371,66464,32
66464,371,32
371,66413,32
66413,371,32
372,582675,32
582675,372,32
372,1449527,32
1449527,372,32
372,67712,32
67712,372,32
373,1417446,32
1417446,373,32
373,66465,32
66465,373,32
374,68152,32
68152,374,32
374,67718,32
67718,374,32
375,68014,32
68014,375,32
375,1223916,32
1223916,375,32
375,68035,32
68035,375,32
376,1275990,32
1275990,376,32
376,1228093,32
1228093,376,32
376,1045156,32
1045156,376,32
377,68201,32
68201,377,32
377,67925,32
67925,377,32
378,67716,32
67716,378,32
378,67737,32
67737,378,32
379,1045129,32
1045129,379,32
379,1045266,32
1045266,379,32
380,583494,32
583494,380,32
380,986141,32
986141,380,32
380,986134,32
986134,380,32
392,1388206,32
1388206,392,32
393,63339,32
63339,393,32
393,63262,32
63262,393,32
393,63761,32
63761,393,32
394,39492,32
39492,394,32
394,39296,32
39296,394,32
394,39383,32
39383,394,32
395,814454,32
814454,395,32
395,39520,32
39520,395,32
395,990050,32
990050,395,32
398,1716799,32
1716799,398,32
398,38980,32
38980,398,32
398,994498,32
994498,398,32
399,39260,32
39260,399,32
399,38961,32
38961,399,32
399,37601,32
37601,399,32
400,38898,32
38898,400,32
400,37565,32
37565,400,32
400,36825,32
36825,400,32
401,995182,32
995182,401,32
401,765572,32
765572,401,32
401,38031,32
38031,401,32
403,1638957,32
1638957,403,32
403,38000,32
38000,403,32
404,37146,32
37146,404,32
404,36671,32
36671,404,32
404,872568,32
872568,404,32
408,994089,32
994089,408,32
408,36139,32
36139,408,32
409,994099,32
994099,409,32
414,551694,32
551694,414,32
414,35725,32
35725,414,32
415,35662,32
35662,415,32
419,52451,32
52451,419,32
419,993241,32
993241,419,32
419,561178,32
561178,419,32
419,52455,32
52455,419,32
420,927949,32
927949,420,32
420,37203,32
37203,420,32
424,36877,32
36877,424,32
424,37031,32
37031,424,32
424,36447,32
36447,424,32
425,36618,32
36618,425,32
425,927877,32
927877,425,32
425,37191,32
37191,425,32
489,82139,32
82139,489,32
489,83262,32
83262,489,32
489,764772,32
764772,489,32
490,83243,32
83243,490,32
490,1005290,32
1005290,490,32
499,61391,32
61391,499,32
499,60520,32
60520,499,32
499,59796,32
59796,499,32
500,844608,32
844608,500,32
500,59767,32
59767,500,32
500,60494,32
60494,500,32
501,59639,32
59639,501,32
501,57531,32
57531,501,32
501,59448,32
59448,501,32
501,59763,32
59763,501,32
502,1004694,32
1004694,502,32
502,59539,32
59539,502,32
502,61297,32
61297,502,32
517,53453,32
53453,517,32
517,1377968,32
1377968,517,32
517,566653,32
566653,517,32
518,54839,32
54839,518,32
518,54837,32
54837,518,32
518,53484,32
53484,518,32
522,60074,32
60074,522,32
522,60153,32
60153,522,32
522,59912,32
59912,522,32
522,641191,32
641191,522,32
523,60068,32
60068,523,32
526,60667,32
60667,526,32
526,60748,32
60748,526,32
527,569193,32
569193,527,32
528,729642,32
729642,528,32
528,556371,32
556371,528,32
529,1007502,32
1007502,529,32
529,422974,32
422974,529,32
533,74038,32
74038,533,32
533,681228,32
681228,533,32
533,556416,32
556416,533,32
533,62496,32
62496,533,32
534,62323,32
62323,534,32
534,62297,32
62297,534,32
534,556421,32
556421,534,32
534,60570,32
60570,534,32
535,62411,32
62411,535,32
548,1107064,32
1107064,548,32
548,25500,32
25500,548,32
548,60694,32
60694,548,32
549,59809,32
59809,549,32
549,59829,32
59829,549,32
549,59699,32
59699,549,32
552,56885,32
56885,552,32
552,59217,32
59217,552,32
553,552429,32
552429,553,32
553,56975,32
56975,553,32
553,160422,32
160422,553,32
566,49612,32
49612,566,32
566,49306,32
49306,566,32
566,49548,32
49548,566,32
566,49262,32
49262,566,32
567,48827,32
48827,567,32
567,49270,32
49270,567,32
567,1005927,32
1005927,567,32
574,49209,32
49209,574,32
574,810733,32
810733,574,32
574,834365,32
834365,574,32
574,891807,32
891807,574,32
575,49086,32
49086,575,32
597,759526,32
759526,597,32
597,82677,32
82677,597,32
597,52110,32
52110,597,32
598,52079,32
52079,598,32
598,1371072,32
1371072,598,32
598,52087,32
52087,598,32
599,82613,32
82613,599,32
599,669195,32
669195,599,32
599,984108,32
984108,599,32
600,788659,32
788659,600,32
600,81955,32
81955,600,32
600,25279,32
25279,600,32
601,1005121,32
1005121,601,32
602,82615,32
82615,602,32
602,644351,32
644351,602,32
603,875115,32
875115,603,32
603,81900,32
81900,603,32
603,1049504,32
1049504,603,32
604,81937,32
81937,604,32
604,1005123,32
1005123,604,32
604,1731618,32
1731618,604,32
614,85388,32
85388,614,32
614,85376,32
85376,614,32
615,586416,32
586416,615,32
615,1009201,32
1009201,615,32
617,85300,32
85300,617,32
617,83125,32
83125,617,32
617,983878,32
983878,617,32
617,82904,32
82904,617,32
618,556804,32
556804,618,32
618,83174,32
83174,618,32
620,869982,32
869982,620,32
620,82964,32
82964,620,32
620,1006924,32
1006924,620,32
621,82710,32
82710,621,32
621,82782,32
82782,621,32
622,51659,32
51659,622,32
622,51606,32
51606,622,32
622,891287,32
891287,622,32
623,422274,32
422274,623,32
623,1646089,32
1646089,623,32
626,81501,32
81501,626,32
626,570166,32
570166,626,32
626,81441,32
81441,626,32
627,81998,32
81998,627,32
627,82006,32
82006,627,32
627,421504,32
421504,627,32
639,49770,32
49770,639,32
639,1376492,32
1376492,639,32
639,49751,32
49751,639,32
640,48406,32
48406,640,32
640,48475,32
48475,640,32
640,48383,32
48383,640,32
642,51076,32
51076,642,32
642,51460,32
51460,642,32
642,51065,32
51065,642,32
643,572351,32
572351,643,32
644,51478,32
51478,644,32
651,160841,32
160841,651,32
651,422436,32
422436,651,32
652,57760,32
57760,652,32
652,56548,32
56548,652,32
652,422439,32
422439,652,32
672,681602,32
681602,672,32
673,60100,32
60100,673,32
734,913739,32
913739,734,32
734,46647,32
46647,734,32
735,46335,32
46335,735,32
735,46655,32
46655,735,32
738,977101,32
977101,738,32
738,1383602,32
1383602,738,32
738,165558,32
165558,738,32
738,45880,32
45880,738,32
739,557018,32
557018,739,32
739,46833,32
46833,739,32
739,913015,32
913015,739,32
740,46923,32
46923,740,32
740,760037,32
760037,740,32
760,913119,32
913119,760,32
760,1352481,32
1352481,760,32
760,164676,32
164676,760,32
761,977074,32
977074,761,32
761,46936,32
46936,761,32
761,46762,32
46762,761,32
775,222187,32
222187,775,32
775,1119236,32
1119236,775,32
776,517337,32
517337,776,32
814,794765,32
794765,814,32
814,35205,32
35205,814,32
815,35206,32
35206,815,32
815,516724,32
516724,815,32
815,164527,32
164527,815,32
893,238323,32
238323,893,32
893,1647670,32
1647670,893,32
894,439562,32
439562,894,32
894,237964,32
237964,894,32
918,239851,32
239851,918,32
918,435740,32
435740,918,32
918,1574274,32
1574274,918,32
919,814043,32
814043,919,32
920,438852,32
438852,920,32
920,239657,32
239657,920,32
921,239817,32
239817,921,32
921,239762,32
239762,921,32
922,240028,32
240028,922,32
922,411875,32
411875,922,32
923,813977,32
813977,923,32
923,543392,32
543392,923,32
924,987221,32
987221,924,32
924,543397,32
543397,924,32
925,1450086,32
1450086,925,32
925,240397,32
240397,925,32
933,38590,32
38590,933,32
933,38401,32
38401,933,32
933,985528,32
985528,933,32
934,38152,32
38152,934,32
934,750237,32
750237,934,32
935,814352,32
814352,935,32
935,40369,32
40369,935,32
936,40910,32
40910,936,32
936,40395,32
40395,936,32
937,1042337,32
1042337,937,32
937,40703,32
40703,937,32
938,38760,32
38760,938,32
938,1042921,32
1042921,938,32
939,732248,32
732248,939,32
939,40808,32
40808,939,32
940,765259,32
765259,940,32
940,423771,32
423771,940,32
940,765114,32
765114,940,32
945,41849,32
41849,945,32
945,39910,32
39910,945,32
945,40043,32
40043,945,32
946,989736,32
989736,946,32
946,983341,32
983341,946,32
946,40857,32
40857,946,32
956,39812,32
39812,956,32
956,665358,32
665358,956,32
956,552432,32
552432,956,32
957,40049,32
40049,957,32
958,788862,32
788862,958,32
958,877114,32
877114,958,32
962,38400,32
38400,962,32
963,38547,32
38547,963,32
963,38589,32
38589,963,32
963,988851,32
988851,963,32
964,1719483,32
1719483,964,32
964,1719463,32
1719463,964,32
964,40504,32
40504,964,32
965,40431,32
40431,965,32
966,1719456,32
1719456,966,32
966,556881,32
556881,966,32
967,240341,32
240341,967,32
967,557124,32
557124,967,32
967,1719458,32
1719458,967,32
968,38227,32
38227,968,32
968,38328,32
38328,968,32
969,41196,32
41196,969,32
969,987603,32
987603,969,32
969,411907,32
411907,969,32
969,41506,32
41506,969,32
970,985664,32
985664,970,32
970,41338,32
41338,970,32
970,288015,32
288015,970,32
979,94874,32
94874,979,32
979,95079,32
95079,979,32
980,95105,32
95105,980,32
984,1374025,32
1374025,984,32
984,685058,32
685058,984,32
984,988788,32
988788,984,32
985,42863,32
42863,985,32
987,1043677,32
1043677,987,32
987,833002,32
833002,987,32
988,43250,32
43250,988,32
988,814193,32
814193,988,32
988,42900,32
42900,988,32
990,43432,32
43432,990,32
990,43548,32
43548,990,32
991,1043137,32
1043137,991,32
991,69524,32
69524,991,32
996,988683,32
988683,996,32
996,814201,32
814201,996,32
997,989097,32
989097,997,32
997,95401,32
95401,997,32
997,95662,32
95662,997,32
998,765050,32
765050,998,32
998,984681,32
984681,998,32
998,1449768,32
1449768,998,32
1008,239632,32
239632,1008,32
1009,411868,32
411868,1009,32
1014,543595,32
543595,1014,32
1014,94556,32
94556,1014,32
1015,94993,32
94993,1015,32
1015,973264,32
973264,1015,32
1015,973780,32
973780,1015,32
1022,441560,32
441560,1022,32
1022,880559,32
880559,1022,32
1022,573252,32
573252,1022,32
1023,97254,32
97254,1023,32
1023,1341034,32
1341034,1023,32
1023,97359,32
97359,1023,32
1029,972467,32
972467,1029,32
1029,973276,32
973276,1029,32
1029,1396030,32
1396030,1029,32
1030,1050415,32
1050415,1030,32
1030,975423,32
975423,1030,32
1030,759916,32
759916,1030,32
1031,972604,32
972604,1031,32
1031,95173,32
95173,1031,32
1031,664867,32
664867,1031,32
1032,844520,32
844520,1032,32
1032,1441757,32
1441757,1032,32
1033,972256,32
972256,1033,32
1033,912048,32
912048,1033,32
1033,94399,32
94399,1033,32
1035,646703,32
646703,1035,32
1035,909651,32
909651,1035,32
1035,1002753,32
1002753,1035,32
1036,817836,32
817836,1036,32
1036,975206,32
975206,1036,32
1036,1545338,32
1545338,1036,32
1037,435841,32
435841,1037,32
1037,1420346,32
1420346,1037,32
1040,849099,32
849099,1040,32
1040,978553,32
978553,1040,32
1040,288501,32
288501,1040,32
1041,615869,32
615869,1041,32
1041,1317190,32
1317190,1041,32
1041,417875,32
417875,1041,32
1050,974142,32
974142,1050,32
1050,97863,32
97863,1050,32
1051,911615,32
911615,1051,32
1051,973866,32
973866,1051,32
1055,972176,32
972176,1055,32
1055,971936,32
971936,1055,32
1055,289004,32
289004,1055,32
1056,972656,32
972656,1056,32
1056,975268,32
975268,1056,32
1059,436110,32
436110,1059,32
1059,288719,32
288719,1059,32
1059,1639508,32
1639508,1059,32
1060,288940,32
288940,1060,32
1060,436212,32
436212,1060,32
1060,975250,32
975250,1060,32
1061,972388,32
972388,1061,32
1061,880599,32
880599,1061,32
1061,288671,32
288671,1061,32
1062,1048513,32
1048513,1062,32
1062,834447,32
834447,1062,32
1063,97637,32
97637,1063,32
1063,975327,32
975327,1063,32
1063,974663,32
974663,1063,32
1066,555348,32
555348,1066,32
1066,544493,32
544493,1066,32
1066,555343,32
555343,1066,32
1067,834436,32
834436,1067,32
1067,417684,32
417684,1067,32
1068,1682685,32
1682685,1068,32
1068,973398,32
973398,1068,32
1068,1545824,32
1545824,1068,32
1069,1695457,32
1695457,1069,32
1069,436981,32
436981,1069,32
1069,287546,32
287546,1069,32
1071,94358,32
94358,1071,32
1071,94357,32
94357,1071,32
1071,287278,32
287278,1071,32
1072,287254,32
287254,1072,32
1072,287066,32
287066,1072,32
1074,288755,32
288755,1074,32
1074,975253,32
975253,1074,32
1074,611821,32
611821,1074,32
1075,834047,32
834047,1075,32
1130,99850,32
99850,1130,32
1130,964562,32
964562,1130,32
1130,99220,32
99220,1130,32
1131,99731,32
99731,1131,32
1131,99095,32
99095,1131,32
1131,99777,32
99777,1131,32
1132,863872,32
863872,1132,32
1132,842796,32
842796,1132,32
1132,99223,32
99223,1132,32
1138,121511,32
121511,1138,32
1138,121406,32
121406,1138,32
1138,121776,32
121776,1138,32
1139,606326,32
606326,1139,32
1139,121766,32
121766,1139,32
1139,121398,32
121398,1139,32
1151,98050,32
98050,1151,32
1151,97887,32
97887,1151,32
1151,1725252,32
1725252,1151,32
1152,22209,32
22209,1152,32
1184,651412,32
651412,1184,32
1185,99780,32
99780,1185,32
1185,291418,32
291418,1185,32
1227,306802,32
306802,1227,32
1227,918600,32
918600,1227,32
1227,458505,32
458505,1227,32
1228,307094,32
307094,1228,32
1228,307105,32
307105,1228,32
1228,460826,32
460826,1228,32
1327,128154,32
128154,1327,32
1327,672552,32
672552,1327,32
1328,957562,32
957562,1328,32
1328,549827,32
549827,1328,32
1328,125747,32
125747,1328,32
1329,128022,32
128022,1329,32
1329,1360954,32
1360954,1329,32
1329,22963,32
22963,1329,32
1330,162868,32
162868,1330,32
1330,1361663,32
1361663,1330,32
1331,128078,32
128078,1331,32
1331,959722,32
959722,1331,32
1331,1664209,32
1664209,1331,32
1332,127840,32
127840,1332,32
1332,958035,32
958035,1332,32
1335,127335,32
127335,1335,32
1335,126783,32
126783,1335,32
1335,126729,32
126729,1335,32
1336,126773,32
126773,1336,32
1336,592773,32
592773,1336,32
1336,126645,32
126645,1336,32
1338,126635,32
126635,1338,32
1338,126304,32
126304,1338,32
1338,870988,32
870988,1338,32
1339,124236,32
124236,1339,32
1351,122990,32
122990,1351,32
1351,123054,32
123054,1351,32
1352,122770,32
122770,1352,32
1352,122992,32
122992,1352,32
1355,116697,32
116697,1355,32
1355,806189,32
806189,1355,32
1356,117905,32
117905,1356,32
1356,116613,32
116613,1356,32
1357,118018,32
118018,1357,32
1357,117901,32
117901,1357,32
1357,634471,32
634471,1357,32
1358,801605,32
801605,1358,32
1358,117309,32
117309,1358,32
1360,1213370,32
1213370,1360,32
1360,1211283,32
1211283,1360,32
1361,117357,32
117357,1361,32
1362,118153,32
118153,1362,32
1362,118419,32
118419,1362,32
1363,1361376,32
1361376,1363,32
1363,118421,32
118421,1363,32
1364,118677,32
118677,1364,32
1364,118451,32
118451,1364,32
1364,117731,32
117731,1364,32
1365,118590,32
118590,1365,32
1365,118622,32
118622,1365,32
1365,117763,32
117763,1365,32
1366,1346947,32
1346947,1366,32
1366,956970,32
956970,1366,32
1366,118854,32
118854,1366,32
1367,914505,32
914505,1367,32
1367,118729,32
118729,1367,32
1369,124901,32
124901,1369,32
1370,672558,32
672558,1370,32
1370,957011,32
957011,1370,32
1372,124978,32
124978,1372,32
1372,957858,32
957858,1372,32
1372,124775,32
124775,1372,32
1373,552413,32
552413,1373,32
1373,124815,32
124815,1373,32
1385,118607,32
118607,1385,32
1385,541508,32
541508,1385,32
1385,132720,32
132720,1385,32
1386,117845,32
117845,1386,32
1386,132728,32
132728,1386,32
1391,1693846,32
1693846,1391,32
1391,117596,32
117596,1391,32
1391,117552,32
117552,1391,32
1391,114715,32
114715,1391,32
1392,950792,32
950792,1392,32
1392,114774,32
114774,1392,32
1392,114699,32
114699,1392,32
1393,114668,32
114668,1393,32
1393,478957,32
478957,1393,32
1393,114453,32
114453,1393,32
1394,581919,32
581919,1394,32
1394,114640,32
114640,1394,32
1395,22368,32
22368,1395,32
1395,114364,32
114364,1395,32
1396,877300,32
877300,1396,32
1396,478975,32
478975,1396,32
1397,114008,32
114008,1397,32
1397,114180,32
114180,1397,32
1397,951995,32
951995,1397,32
1398,114510,32
114510,1398,32
1398,1216800,32
1216800,1398,32
1398,161131,32
161131,1398,32
1402,117268,32
117268,1402,32
1402,117248,32
117248,1402,32
1403,1210523,32
1210523,1403,32
1404,117219,32
117219,1404,32
1405,115909,32
115909,1405,32
1407,959656,32
959656,1407,32
1407,1205567,32
1205567,1407,32
1408,117305,32
117305,1408,32
1408,1263346,32
1263346,1408,32
1408,1304031,32
1304031,1408,32
1411,118174,32
118174,1411,32
1411,1209608,32
1209608,1411,32
1411,959835,32
959835,1411,32
1412,914404,32
914404,1412,32
1412,118340,32
118340,1412,32
1412,959824,32
959824,1412,32
1414,124486,32
124486,1414,32
1414,1543637,32
1543637,1414,32
1414,163148,32
163148,1414,32
1415,541439,32
541439,1415,32
1415,124354,32
124354,1415,32
1415,124507,32
124507,1415,32
1419,123416,32
123416,1419,32
1419,1261325,32
1261325,1419,32
1419,123720,32
123720,1419,32
1420,958363,32
958363,1420,32
1420,784077,32
784077,1420,32
1420,123580,32
123580,1420,32
1424,126122,32
126122,1424,32
1424,806020,32
806020,1424,32
1424,671165,32
671165,1424,32
1425,957244,32
957244,1425,32
1425,549814,32
549814,1425,32
1425,125904,32
125904,1425,32
1426,126050,32
126050,1426,32
1426,125915,32
125915,1426,32
1427,549908,32
549908,1427,32
1427,549904,32
549904,1427,32
1427,126351,32
126351,1427,32
1428,126197,32
126197,1428,32
1428,126255,32
126255,1428,32
1428,122267,32
122267,1428,32
1429,653972,32
653972,1429,32
1429,126686,32
126686,1429,32
1429,671177,32
671177,1429,32
1435,122494,32
122494,1435,32
1435,957869,32
957869,1435,32
1435,1351926,32
1351926,1435,32
1436,440227,32
440227,1436,32
1436,126899,32
126899,1436,32
1436,127078,32
127078,1436,32
1437,143048,32
143048,1437,32
1437,143197,32
143197,1437,32
1438,806283,32
806283,1438,32
1438,127080,32
127080,1438,32
1439,956836,32
956836,1439,32
1439,957842,32
957842,1439,32
1440,143055,32
143055,1440,32
1441,127019,32
127019,1441,32
1441,127484,32
127484,1441,32
1441,127003,32
127003,1441,32
1442,1697344,32
1697344,1442,32
1442,127399,32
127399,1442,32
1442,951764,32
951764,1442,32
1443,127508,32
127508,1443,32
1443,956939,32
956939,1443,32
1445,143653,32
143653,1445,32
1445,143647,32
143647,1445,32
1445,959855,32
959855,1445,32
1446,143152,32
143152,1446,32
1448,636235,32
636235,1448,32
1448,562167,32
562167,1448,32
1448,959979,32
959979,1448,32
1449,631522,32
631522,1449,32
1449,144232,32
144232,1449,32
1449,631513,32
631513,1449,32
1452,1694101,32
1694101,1452,32
1452,1643449,32
1643449,1452,32
1453,144545,32
144545,1453,32
1453,144388,32
144388,1453,32
1454,960656,32
960656,1454,32
1456,958725,32
958725,1456,32
1456,1538106,32
1538106,1456,32
1456,959009,32
959009,1456,32
1457,144443,32
144443,1457,32
1457,144238,32
144238,1457,32
1457,959329,32
959329,1457,32
1458,959058,32
959058,1458,32
1458,952572,32
952572,1458,32
1458,143404,32
143404,1458,32
1459,143375,32
143375,1459,32
1459,143255,32
143255,1459,32
1460,956869,32
956869,1460,32
1460,956977,32
956977,1460,32
1461,143361,32
143361,1461,32
1461,1671907,32
1671907,1461,32
1463,777314,32
777314,1463,32
1463,127921,32
127921,1463,32
1464,128577,32
128577,1464,32
1464,1247072,32
1247072,1464,32
1467,541437,32
541437,1467,32
1468,125287,32
125287,1468,32
1469,125359,32
125359,1469,32
1469,125219,32
125219,1469,32
1470,125426,32
125426,1470,32
1470,125716,32
125716,1470,32
1471,854136,32
854136,1471,32
1471,125682,32
125682,1471,32
1471,125664,32
125664,1471,32
1472,125499,32
125499,1472,32
1472,1259247,32
1259247,1472,32
1472,1360242,32
1360242,1472,32
1477,138288,32
138288,1477,32
1477,728693,32
728693,1477,32
1477,550025,32
550025,1477,32
1478,138256,32
138256,1478,32
1478,961206,32
961206,1478,32
1478,960796,32
960796,1478,32
1479,550024,32
550024,1479,32
1479,138166,32
138166,1479,32
1480,646645,32
646645,1480,32
1480,128562,32
128562,1480,32
1480,138170,32
138170,1480,32
1481,874046,32
874046,1481,32
1481,550020,32
550020,1481,32
1483,951282,32
951282,1483,32
1483,957458,32
957458,1483,32
1483,139533,32
139533,1483,32
1484,139080,32
139080,1484,32
1484,959566,32
959566,1484,32
1486,139634,32
139634,1486,32
1486,951173,32
951173,1486,32
1486,139801,32
139801,1486,32
1487,139807,32
139807,1487,32
1487,1454338,32
1454338,1487,32
1487,848533,32
848533,1487,32
1501,873928,32
873928,1501,32
1501,549734,32
549734,1501,32
1502,145915,32
145915,1502,32
1504,549778,32
549778,1504,32
1504,954490,32
954490,1504,32
1505,871260,32
871260,1505,32
1506,146134,32
146134,1506,32
1506,146258,32
146258,1506,32
1507,22516,32
22516,1507,32
1507,1642809,32
1642809,1507,32
1512,957182,32
957182,1512,32
1512,957448,32
957448,1512,32
1513,146582,32
146582,1513,32
1513,146527,32
146527,1513,32
1513,957797,32
957797,1513,32
1514,146200,32
146200,1514,32
1514,146512,32
146512,1514,32
1514,146151,32
146151,1514,32
1515,145738,32
145738,1515,32
1515,958341,32
958341,1515,32
1515,959198,32
959198,1515,32
1516,959044,32
959044,1516,32
1516,959160,32
959160,1516,32
1516,958808,32
958808,1516,32
1517,145726,32
145726,1517,32
1517,22793,32
22793,1517,32
1523,144980,32
144980,1523,32
1523,139717,32
139717,1523,32
1524,139204,32
139204,1524,32
1524,139424,32
139424,1524,32
1524,139081,32
139081,1524,32
1525,145215,32
145215,1525,32
1526,145063,32
145063,1526,32
1526,145189,32
145189,1526,32
1531,881669,32
881669,1531,32
1531,670456,32
670456,1531,32
1531,146262,32
146262,1531,32
1532,429080,32
429080,1532,32
1534,140311,32
140311,1534,32
1534,139925,32
139925,1534,32
1535,545841,32
545841,1535,32
1536,138807,32
138807,1536,32
1536,951161,32
951161,1536,32
1537,139895,32
139895,1537,32
1537,1361301,32
1361301,1537,32
1537,776200,32
776200,1537,32
1544,137168,32
137168,1544,32
1544,23127,32
23127,1544,32
1545,137113,32
137113,1545,32
1546,776752,32
776752,1546,32
1546,826825,32
826825,1546,32
1546,137319,32
137319,1546,32
1546,23126,32
23126,1546,32
1547,21906,32
21906,1547,32
1555,132467,32
132467,1555,32
1555,114460,32
114460,1555,32
1555,114796,32
114796,1555,32
1556,1637449,32
1637449,1556,32
1558,671771,32
671771,1558,32
1558,671767,32
671767,1558,32
1558,125477,32
125477,1558,32
1559,1260910,32
1260910,1559,32
1559,125550,32
125550,1559,32
1559,125495,32
125495,1559,32
1579,997378,32
997378,1579,32
1579,1032324,32
1032324,1579,32
1579,997293,32
997293,1579,32
1580,107518,32
107518,1580,32
1580,160478,32
160478,1580,32
1580,119101,32
119101,1580,32
1581,119330,32
119330,1581,32
1581,119308,32
119308,1581,32
1582,109570,32
109570,1582,32
1582,109326,32
109326,1582,32
1583,603102,32
603102,1583,32
1583,21439,32
21439,1583,32
1584,119303,32
119303,1584,32
1584,1545427,32
1545427,1584,32
1585,119063,32
119063,1585,32
1586,1202102,32
1202102,1586,32
1586,550278,32
550278,1586,32
1586,1033020,32
1033020,1586,32
1587,106950,32
106950,1587,32
1588,1000735,32
1000735,1588,32
1589,600808,32
600808,1589,32
1589,107154,32
107154,1589,32
1618,104671,32
104671,1618,32
1618,1133889,32
1133889,1618,32
1618,103807,32
103807,1618,32
1619,1154555,32
1154555,1619,32
1619,1172099,32
1172099,1619,32
1620,103241,32
103241,1620,32
1620,104930,32
104930,1620,32
1650,1132714,32
1132714,1650,32
1650,104518,32
104518,1650,32
1650,104648,32
104648,1650,32
1651,862074,32
862074,1651,32
1651,104264,32
104264,1651,32
1664,72791,32
72791,1664,32
1664,103536,32
103536,1664,32
1665,1303713,32
1303713,1665,32
1665,72574,32
72574,1665,32
1665,72952,32
72952,1665,32
1666,72394,32
72394,1666,32
1666,72336,32
72336,1666,32
1667,1306479,32
1306479,1667,32
1667,72815,32
72815,1667,32
1668,103508,32
103508,1668,32
1668,72919,32
72919,1668,32
1668,72741,32
72741,1668,32
1669,72717,32
72717,1669,32
1669,885934,32
885934,1669,32
1687,104333,32
104333,1687,32
1687,104170,32
104170,1687,32
1687,104369,32
104369,1687,32
1688,104467,32
104467,1688,32
1688,104418,32
104418,1688,32
1692,761454,32
761454,1692,32
1692,73372,32
73372,1692,32
1693,73412,32
73412,1693,32
1693,997345,32
997345,1693,32
1694,536757,32
536757,1694,32
1694,104207,32
104207,1694,32
1695,1223657,32
1223657,1695,32
1695,104239,32
104239,1695,32
1697,1000770,32
1000770,1697,32
1697,78360,32
78360,1697,32
1697,110419,32
110419,1697,32
1698,536568,32
536568,1698,32
1698,1000746,32
1000746,1698,32
1699,78733,32
78733,1699,32
1699,78456,32
78456,1699,32
1699,884886,32
884886,1699,32
1700,884879,32
884879,1700,32
1700,1000710,32
1000710,1700,32
1700,78125,32
78125,1700,32
1701,536567,32
536567,1701,32
1702,110801,32
110801,1702,32
1706,110832,32
110832,1706,32
1706,1131563,32
1131563,1706,32
1706,1189877,32
1189877,1706,32
1707,111062,32
111062,1707,32
1707,1000419,32
1000419,1707,32
1708,998127,32
998127,1708,32
1708,1154140,32
1154140,1708,32
1708,1454561,32
1454561,1708,32
1709,111046,32
111046,1709,32
1709,111013,32
111013,1709,32
1709,111103,32
111103,1709,32
1710,110728,32
110728,1710,32
1710,110453,32
110453,1710,32
1710,758946,32
758946,1710,32
1715,105811,32
105811,1715,32
1716,114828,32
114828,1716,32
1716,105843,32
105843,1716,32
1717,114877,32
114877,1717,32
1717,114909,32
114909,1717,32
1717,600460,32
600460,1717,32
1718,108625,32
108625,1718,32
1718,115162,32
115162,1718,32
1718,114933,32
114933,1718,32
1719,105791,32
105791,1719,32
1720,105779,32
105779,1720,32
1720,105814,32
105814,1720,32
1721,108346,32
108346,1721,32
1721,114913,32
114913,1721,32
1722,105845,32
105845,1722,32
1722,114867,32
114867,1722,32
1724,108660,32
108660,1724,32
1724,109746,32
109746,1724,32
1724,108552,32
108552,1724,32
1725,108624,32
108624,1725,32
1725,108463,32
108463,1725,32
1728,116082,32
116082,1728,32
1728,116112,32
116112,1728,32
1729,1436613,32
1436613,1729,32
1729,997781,32
997781,1729,32
1729,550313,32
550313,1729,32
1740,112263,32
112263,1740,32
1740,601252,32
601252,1740,32
1740,112065,32
112065,1740,32
1741,112421,32
112421,1741,32
1741,112151,32
112151,1741,32
1742,111075,32
111075,1742,32
1742,997902,32
997902,1742,32
1742,1032328,32
1032328,1742,32
1746,112560,32
112560,1746,32
1746,112485,32
112485,1746,32
1746,115696,32
115696,1746,32
1747,115639,32
115639,1747,32
1748,1071370,32
1071370,1748,32
1749,1141894,32
1141894,1749,32
1750,113994,32
113994,1750,32
1750,1143477,32
1143477,1750,32
1751,113876,32
113876,1751,32
1762,80365,32
80365,1762,32
1762,80468,32
80468,1762,32
1762,112777,32
112777,1762,32
1763,80594,32
80594,1763,32
1763,80900,32
80900,1763,32
1764,80348,32
80348,1764,32
1773,1231534,32
1231534,1773,32
1773,112924,32
112924,1773,32
1773,113010,32
113010,1773,32
1773,552338,32
552338,1773,32
1774,112688,32
112688,1774,32
1774,1379949,32
1379949,1774,32
1778,760748,32
760748,1778,32
1778,78893,32
78893,1778,32
1779,78892,32
78892,1779,32
1779,78748,32
78748,1779,32
1780,600862,32
600862,1780,32
1780,78409,32
78409,1780,32
1784,80932,32
80932,1784,32
1784,81061,32
81061,1784,32
1784,81173,32
81173,1784,32
1785,113434,32
113434,1785,32
1785,550151,32
550151,1785,32
1785,999208,32
999208,1785,32
1796,109489,32
109489,1796,32
1796,997663,32
997663,1796,32
1796,110019,32
110019,1796,32
1797,109184,32
109184,1797,32
1797,109718,32
109718,1797,32
1798,109662,32
109662,1798,32
1798,1221314,32
1221314,1798,32
1798,550363,32
550363,1798,32
1799,109255,32
109255,1799,32
1799,107275,32
107275,1799,32
1800,109186,32
109186,1800,32
1800,109325,32
109325,1800,32
1801,108052,32
108052,1801,32
1801,108036,32
108036,1801,32
1801,109042,32
109042,1801,32
1802,1031928,32
1031928,1802,32
1802,108798,32
108798,1802,32
1802,107909,32
107909,1802,32
1803,1032115,32
1032115,1803,32
1803,107644,32
107644,1803,32
1803,536999,32
536999,1803,32
1804,536872,32
536872,1804,32
1804,1031890,32
1031890,1804,32
1804,107750,32
107750,1804,32
1805,108562,32
108562,1805,32
1805,107984,32
107984,1805,32
1805,109593,32
109593,1805,32
1806,105675,32
105675,1806,32
1806,108162,32
108162,1806,32
1807,108549,32
108549,1807,32
1807,108226,32
108226,1807,32
1808,998653,32
998653,1808,32
1808,1031783,32
1031783,1808,32
1813,999349,32
999349,1813,32
1813,119807,32
119807,1813,32
1813,109564,32
109564,1813,32
1814,120132,32
120132,1814,32
1815,110016,32
110016,1815,32
1815,110075,32
110075,1815,32
1816,120314,32
120314,1816,32
1816,1031791,32
1031791,1816,32
1816,999354,32
999354,1816,32
1817,997657,32
997657,1817,32
1832,69759,32
69759,1832,32
1832,1340273,32
1340273,1832,32
1832,69859,32
69859,1832,32
1833,559416,32
559416,1833,32
1833,69780,32
69780,1833,32
1833,69909,32
69909,1833,32
1834,102939,32
102939,1834,32
1834,103822,32
103822,1834,32
1835,1251204,32
1251204,1835,32
1835,103361,32
103361,1835,32
1836,102184,32
102184,1836,32
1836,103353,32
103353,1836,32
1836,103806,32
103806,1836,32
1861,136368,32
136368,1861,32
1861,597582,32
597582,1861,32
1861,136278,32
136278,1861,32
1862,135739,32
135739,1862,32
1869,163917,32
163917,1869,32
1869,163777,32
163777,1869,32
1869,164331,32
164331,1869,32
1870,164242,32
164242,1870,32
1870,164272,32
164272,1870,32
1872,735067,32
735067,1872,32
1873,163897,32
163897,1873,32
1874,977162,32
977162,1874,32
1874,1559182,32
1559182,1874,32
1892,961431,32
961431,1892,32
1892,558756,32
558756,1892,32
1892,543425,32
543425,1892,32
1893,137765,32
137765,1893,32
1893,427195,32
427195,1893,32
1895,600702,32
600702,1895,32
1895,913373,32
913373,1895,32
1896,1145465,32
1145465,1896,32
1896,141516,32
141516,1896,32
1897,604163,32
604163,1897,32
1898,973829,32
973829,1898,32
1898,655466,32
655466,1898,32
1899,142308,32
142308,1899,32
1900,141939,32
141939,1900,32
1902,135815,32
135815,1902,32
1902,25330,32
25330,1902,32
1902,895549,32
895549,1902,32
1903,135767,32
135767,1903,32
1903,135929,32
135929,1903,32
1906,313671,32
313671,1906,32
1906,894453,32
894453,1906,32
1906,680405,32
680405,1906,32
1906,313438,32
313438,1906,32
1907,147294,32
147294,1907,32
1907,313652,32
313652,1907,32
1934,264636,32
264636,1934,32
1934,602604,32
602604,1934,32
1934,264309,32
264309,1934,32
1934,483265,32
483265,1934,32
1935,409262,32
409262,1935,32
1935,528348,32
528348,1935,32
1964,85957,32
85957,1964,32
1964,1578489,32
1578489,1964,32
1964,264724,32
264724,1964,32
1965,1141541,32
1141541,1965,32
1965,264520,32
264520,1965,32
1965,91856,32
91856,1965,32
1965,264396,32
264396,1965,32
1979,527191,32
527191,1979,32
1979,581564,32
581564,1979,32
1980,964484,32
964484,1980,32
1980,482887,32
482887,1980,32
1980,529191,32
529191,1980,32
1983,1646247,32
1646247,1983,32
1984,1565013,32
1565013,1984,32
1987,262409,32
262409,1987,32
1987,262668,32
262668,1987,32
1987,964462,32
964462,1987,32
1987,262586,32
262586,1987,32
1988,82785,32
82785,1988,32
1988,482948,32
482948,1988,32
1988,262218,32
262218,1988,32
2004,639654,32
639654,2004,32
2005,409427,32
409427,2005,32
2055,637664,32
637664,2055,32
2055,982770,32
982770,2055,32
2055,52192,32
52192,2055,32
2056,52197,32
52197,2056,32
2056,261694,32
261694,2056,32
2089,418492,32
418492,2089,32
2089,741333,32
741333,2089,32
2089,320307,32
320307,2089,32
2090,1074029,32
1074029,2090,32
2090,149641,32
149641,2090,32
2090,320308,32
320308,2090,32
2119,609164,32
609164,2119,32
2119,317661,32
317661,2119,32
2120,318021,32
318021,2120,32
2120,147688,32
147688,2120,32
2139,574754,32
574754,2139,32
2139,417557,32
417557,2139,32
2139,573680,32
573680,2139,32
2140,575354,32
575354,2140,32
2140,741584,32
741584,2140,32
2140,805629,32
805629,2140,32
2175,147180,32
147180,2175,32
2175,574803,32
574803,2175,32
2175,312541,32
312541,2175,32
2175,147162,32
147162,2175,32
2176,147051,32
147051,2176,32
2239,329069,32
329069,2239,32
2239,325792,32
325792,2239,32
2239,325282,32
325282,2239,32
2240,148562,32
148562,2240,32
2241,325989,32
325989,2241,32
2461,93692,32
93692,2461,32
2568,196188,32
196188,2568,32
2569,196322,32
196322,2569,32
2590,29873,32
29873,2590,32
2590,194643,32
194643,2590,32
2591,1012843,32
1012843,2591,32
2591,502909,32
502909,2591,32
2648,29218,32
29218,2648,32
2648,31522,32
31522,2648,32
2648,191176,32
191176,2648,32
2650,29222,32
29222,2650,32
2650,191174,32
191174,2650,32
2650,187960,32
187960,2650,32
2651,924407,32
924407,2651,32
2651,1707543,32
1707543,2651,32
2662,29372,32
29372,2662,32
2663,188803,32
188803,2663,32
2686,188105,32
188105,2686,32
2686,188134,32
188134,2686,32
2686,29231,32
29231,2686,32
2687,854484,32
854484,2687,32
2690,210097,32
210097,2690,32
2691,31889,32
31889,2691,32
2691,29589,32
29589,2691,32
2692,29639,32
29639,2692,32
2828,170615,32
170615,2828,32
2828,1597473,32
1597473,2828,32
2829,170560,32
170560,2829,32
2829,429543,32
429543,2829,32
2829,754042,32
754042,2829,32
2830,170617,32
170617,2830,32
2830,170600,32
170600,2830,32
2831,1083156,32
1083156,2831,32
2831,170484,32
170484,2831,32
2831,154760,32
154760,2831,32
2894,430111,32
430111,2894,32
2894,1441445,32
1441445,2894,32
2895,1357364,32
1357364,2895,32
2896,621717,32
621717,2896,32
2896,430113,32
430113,2896,32
2897,430104,32
430104,2897,32
2983,420453,32
420453,2983,32
2983,371699,32
371699,2983,32
2984,153956,32
153956,2984,32
2984,371433,32
371433,2984,32
3037,368392,32
368392,3037,32
3037,368611,32
368611,3037,32
3038,368395,32
368395,3038,32
3038,366812,32
366812,3038,32
3102,773424,32
773424,3102,32
3103,773423,32
773423,3103,32
3104,244704,32
244704,3104,32
3104,593978,32
593978,3104,32
3105,245153,32
245153,3105,32
3106,245179,32
245179,3106,32
3106,245167,32
245167,3106,32
3227,946673,32
946673,3227,32
3227,45726,32
45726,3227,32
3227,668776,32
668776,3227,32
3228,1596613,32
1596613,3228,32
3572,413368,32
413368,3572,32
3572,1074685,32
1074685,3572,32
3573,148279,32
148279,3573,32
3573,679030,32
679030,3573,32
3573,679769,32
679769,3573,32
3622,339411,32
339411,3622,32
3622,339698,32
339698,3622,32
3623,1060647,32
1060647,3623,32
3670,401434,32
401434,3670,32
3670,340492,32
340492,3670,32
3671,158705,32
158705,3671,32
3672,158704,32
158704,3672,32
3709,572839,32
572839,3709,32
3709,497801,32
497801,3709,32
3710,507520,32
507520,3710,32
3714,159234,32
159234,3714,32
3715,159238,32
159238,3715,32
4274,280196,32
280196,4274,32
4274,648019,32
648019,4274,32
4274,280100,32
280100,4274,32
4371,276125,32
276125,4371,32
4387,93083,32
93083,4387,32
4388,464491,32
464491,4388,32
4951,210115,32
210115,4951,32
4951,31882,32
31882,4951,32
4962,210758,32
210758,4962,32
4962,924329,32
924329,4962,32
4963,192017,32
192017,4963,32
5040,727101,32
727101,5040,32
5040,199669,32
199669,5040,32
5041,503816,32
503816,5041,32
5041,200368,32
200368,5041,32
5061,27792,32
27792,5061,32
5062,786130,32
786130,5062,32
5126,1064523,32
1064523,5126,32
5126,1064516,32
1064516,5126,32
5127,349631,32
349631,5127,32
5127,1660851,32
1660851,5127,32
5128,1658633,32
1658633,5128,32
5130,151745,32
151745,5130,32
5130,656680,32
656680,5130,32
5130,349571,32
349571,5130,32
5131,32738,32
32738,5131,32
5131,151703,32
151703,5131,32
5405,676295,32
676295,5405,32
5405,369316,32
369316,5405,32
5406,369282,32
369282,5406,32
5445,342468,32
342468,5445,32
5445,150997,32
150997,5445,32
5446,342442,32
342442,5446,32
5468,1007933,32
1007933,5468,32
5468,254315,32
254315,5468,32
5468,254041,32
254041,5468,32
5468,254151,32
254151,5468,32
5469,1071131,32
1071131,5469,32
5469,1461771,32
1461771,5469,32
5469,254412,32
254412,5469,32
5473,740331,32
740331,5473,32
5473,253885,32
253885,5473,32
5474,253822,32
253822,5474,32
5474,253769,32
253769,5474,32
5475,45459,32
45459,5475,32
5475,1594556,32
1594556,5475,32
5637,274509,32
274509,5637,32
5638,410762,32
410762,5638,32
5638,410735,32
410735,5638,32
5638,410764,32
410764,5638,32
5645,1687608,32
1687608,5645,32
5646,92816,32
92816,5646,32
6002,465333,32
465333,6002,32
6003,165805,32
165805,6003,32
6102,1712242,32
1712242,6102,32
6103,155213,32
155213,6103,32
