TAZ_ID,OLD_SHARED_NODE_ID,NEW_NODE_ID,KEEPER_TAZ_ID,OLD_OWNER_COUNT,NEW_NODE_DISTANCE_FT,NEW_NODE_MAJOR_LEVEL,NEW_NODE_OUTSIDE_GA,OUTSIDE_TAZ_LENGTH_FT,MIN_ANGLE_DEG,CROSSES_GSTDM,BOUNDARY_FALLBACK,REVIEW_WARNING
485,20437,812676,486,2,84.039,3.0,0,0.0,175.267,0,0,
1583,21439,999142,1818,2,118.86,4.0,0,16.836,107.068,0,0,
271,21812,993814,272,2,164.444,4.0,0,0.0,85.249,0,0,
225,21870,991636,226,2,146.826,4.0,0,7.992,177.788,0,0,
451,22293,1008553,452,2,113.127,4.0,0,0.0,142.684,0,0,
483,22589,83669,484,2,183.173,4.0,0,9.726,90.409,0,0,
470,22597,983434,473,2,131.034,4.0,0,0.0,98.459,0,0,
1517,22793,956940,1302,2,243.715,4.0,0,15.785,137.815,0,0,
1542,23311,806170,1550,2,620.682,3.0,0,0.0,91.28,0,0,
1527,23486,144189,1306,2,104.244,3.0,0,0.0,107.902,0,0,
437,24309,995154,274,2,167.803,4.0,0,11.357,93.217,0,0,
205,24582,992496,286,2,163.608,4.0,0,0.0,81.695,0,0,
43,24854,1271377,423,2,294.183,5.0,0,0.0,53.698,0,0,ANGLE_LT_70
480,25372,87179,478,2,351.374,4.0,0,0.0,112.998,0,0,
568,25451,985255,569,2,145.672,4.0,0,38.102,84.52,0,0,
901,25832,1448988,902,2,524.451,4.0,0,4.424,120.107,0,0,
1496,26416,140151,1494,2,24.482,4.0,0,2.438,45.429,0,0,ANGLE_LT_70
4411,28498,28499,4465,2,1877.777,4.0,0,18.339,69.35,0,0,ANGLE_LT_70
2662,29372,1016753,2661,2,132.37,3.0,0,13.524,180.0,0,0,
4945,32065,211496,4737,2,2217.253,4.0,0,0.0,105.792,0,0,
4778,32225,908643,4784,2,51.841,4.0,0,0.0,171.916,0,0,
4810,32245,416861,4812,2,1036.152,3.0,0,0.0,127.653,0,0,
4711,32347,961236,4712,2,348.169,4.0,0,1.603,53.067,0,0,ANGLE_LT_70
791,33425,889156,792,2,70.318,4.0,0,0.976,70.838,0,0,
785,33496,836369,797,2,256.208,3.0,0,4.319,84.023,0,0,
786,33533,888871,787,2,98.397,4.0,0,4.827,153.957,0,0,
772,33633,222576,799,2,3333.81,5.0,0,0.0,55.083,0,0,ANGLE_LT_70
4394,34647,417256,4395,2,597.538,4.0,0,7.303,73.796,0,0,
850,35075,1709700,854,2,465.826,4.0,0,8.118,73.369,0,0,
848,35086,1707502,851,2,2258.327,3.0,0,0.0,102.771,0,0,
848,35098,705016,855,2,460.102,4.0,0,3.052,80.501,0,0,
857,35101,1712192,856,2,2014.33,4.0,0,18.539,107.474,0,0,
823,35127,1152678,824,2,684.062,3.0,0,3.166,92.181,0,0,
838,35173,1705187,837,2,563.374,4.0,0,0.0,77.32,0,0,
826,35270,1444645,827,2,326.052,4.0,0,0.727,37.488,0,0,ANGLE_LT_70
829,35273,1648532,827,2,91.406,4.0,0,0.0,149.31,0,0,
846,35320,971389,857,2,6781.482,4.0,0,0.0,6.261,0,0,ANGLE_LT_70
868,35336,970767,858,2,543.152,3.0,0,12.822,121.352,0,0,
431,35748,927761,29,2,138.785,3.0,0,0.0,137.006,0,0,
29,35761,1572902,30,2,1087.27,4.0,0,0.0,83.152,0,0,
4636,35763,627626,4632,2,91.421,3.0,0,0.0,86.773,0,0,
873,35838,1635128,871,2,8378.239,5.0,0,2.732,13.881,0,0,ANGLE_LT_70
916,35927,438676,915,2,166.342,4.0,0,0.0,107.035,0,0,
1115,35974,411321,1116,2,25.504,4.0,0,0.0,42.799,0,0,ANGLE_LT_70
1115,35976,762146,1118,2,843.37,4.0,0,8.81,37.131,0,0,ANGLE_LT_70
870,35994,815607,856,2,5006.425,3.0,0,14.417,75.59,0,0,
868,36000,731341,870,2,571.297,4.0,0,4.955,115.168,0,0,
33,36095,991379,416,2,155.136,4.0,0,0.0,45.322,0,0,ANGLE_LT_70
34,36271,986643,35,2,137.457,4.0,0,11.456,33.436,0,0,ANGLE_LT_70
31,36348,639270,417,2,239.201,3.0,0,0.0,96.669,0,0,
30,36356,993590,418,2,107.819,3.0,0,0.0,89.347,0,0,
405,36646,1205318,406,2,82.863,4.0,0,0.0,76.707,0,0,
400,36825,36834,402,2,613.503,4.0,0,1116.07,111.94,0,1,OUTSIDE_TAZ_GT_200
36,36877,599992,424,2,202.507,4.0,0,13.628,74.155,1,0,GSTDM_CROSSING
423,37031,761513,424,2,251.103,4.0,0,11.169,51.353,0,0,ANGLE_LT_70
37,37115,1695675,423,2,71.53,4.0,0,0.0,111.36,0,0,
38,37371,1203348,43,2,159.375,4.0,0,0.0,105.644,0,0,
45,37707,37705,44,2,259.246,4.0,0,26.71,24.306,0,0,ANGLE_LT_70
1002,39698,749903,959,2,347.482,4.0,0,0.0,99.542,0,0,
1000,40057,1040932,955,2,102.998,3.0,0,0.0,76.13,0,0,
982,41791,989286,983,2,242.551,4.0,0,5.763,152.314,0,0,
981,42979,1544734,986,2,43.249,3.0,0,64.364,105.285,0,0,
949,43392,43390,989,2,240.599,5.0,0,0.0,76.307,0,0,
3126,43875,586760,3145,2,2369.253,4.0,0,2233.638,107.032,0,1,OUTSIDE_TAZ_GT_200
5699,44087,1011326,5698,2,2312.052,4.0,0,7.55,75.895,0,0,
715,44243,1654400,716,2,520.527,4.0,0,2.057,120.997,0,0,
5702,44325,1518620,5686,2,1617.065,4.0,0,10.267,85.876,0,0,
3111,44384,512380,3112,2,360.286,4.0,0,0.0,111.35,0,0,
3098,44452,246128,3096,2,149.7,3.0,0,0.0,176.034,0,0,
3095,44528,1592890,3097,2,184.172,4.0,0,0.0,85.815,0,0,
5567,44802,44803,5566,2,108.769,3.0,0,10.465,180.0,0,0,
5564,44838,249043,5565,2,178.231,3.0,0,128.557,57.836,0,0,ANGLE_LT_70
5566,44840,1025886,5564,2,234.078,3.0,0,0.0,123.425,0,0,
5560,44892,492686,5525,2,2491.213,4.0,0,0.0,180.0,0,0,
5549,44989,250109,5548,2,84.059,4.0,0,4.882,116.493,0,0,
5545,44990,250152,5547,2,437.868,5.0,0,0.0,180.0,0,0,
5541,45037,648308,5551,2,1311.362,5.0,0,2989.263,29.752,0,1,ANGLE_LT_70; OUTSIDE_TAZ_GT_200
5508,45076,505985,5526,2,76.442,3.0,0,0.0,73.154,0,0,
5500,45087,250649,5506,2,159.841,4.0,0,0.0,85.664,0,0,
3076,45144,416426,3132,2,878.459,3.0,0,0.0,132.154,0,0,
3076,45151,894730,3134,2,102.143,4.0,0,3.244,133.249,0,0,
3071,45207,1554907,3074,2,1776.815,4.0,0,32.104,149.913,0,0,
5534,45398,1009314,5533,2,197.091,4.0,0,0.0,179.192,0,0,
5477,45433,1008056,5476,2,95.995,4.0,0,0.0,169.485,0,0,
5471,45457,1710105,5493,2,384.76,4.0,0,0.0,103.307,0,0,
680,45820,786597,689,2,132.874,3.0,0,0.739,102.433,0,0,
731,46188,978552,736,2,81.665,4.0,0,5592.324,87.307,0,1,OUTSIDE_TAZ_GT_200
736,46417,1059740,745,2,117.77,3.0,0,0.0,73.486,0,0,
744,46628,977429,743,2,123.671,4.0,0,0.0,78.702,0,0,
734,46647,978203,744,2,135.178,4.0,0,7779.741,97.345,0,1,OUTSIDE_TAZ_GT_200
27,47048,760974,29,2,551.613,3.0,0,0.0,67.21,0,0,ANGLE_LT_70
743,47493,47494,746,2,505.76,4.0,0,0.0,77.804,0,0,
752,47969,543320,757,2,114.253,4.0,0,25.079,84.099,0,0,
695,48361,979988,708,2,65.274,4.0,0,0.0,58.381,0,0,ANGLE_LT_70
695,48374,1547668,694,2,86.84,4.0,0,0.0,90.355,0,0,
640,48475,1708395,638,2,261.886,4.0,0,1549.377,72.5,0,1,OUTSIDE_TAZ_GT_200
564,49198,49230,565,2,105.692,3.0,0,3.834,46.23,0,0,ANGLE_LT_70
570,49543,842187,569,2,382.512,4.0,0,578.661,142.964,0,1,OUTSIDE_TAZ_GT_200
568,49612,890666,566,2,288.254,4.0,0,9.69,100.699,0,0,
637,50591,1677614,650,2,355.138,4.0,0,0.0,97.307,0,0,
634,50769,633909,638,2,160.699,3.0,0,3.706,56.868,0,0,ANGLE_LT_70
635,51199,1720578,641,2,161.196,4.0,0,4.821,74.693,0,0,
592,51209,556514,593,2,361.23,4.0,0,0.0,64.426,0,0,ANGLE_LT_70
593,51355,1002869,624,2,162.196,4.0,0,0.0,70.669,0,0,
641,51411,1007336,594,2,102.605,4.0,0,19.242,127.744,0,0,
645,51754,1732967,647,2,147.005,4.0,0,33.555,132.176,0,0,
2009,52192,895498,2055,2,517.114,4.0,0,1.055,76.961,0,0,
26,52363,52361,418,2,313.401,4.0,0,2.823,58.667,0,0,ANGLE_LT_70
25,52368,993220,28,2,157.194,3.0,0,0.0,91.057,0,0,
24,52497,994698,430,2,503.319,3.0,0,6.316,98.684,1,0,GSTDM_CROSSING
752,52633,912972,753,2,583.278,4.0,0,3.371,74.78,0,0,
748,52705,1167926,751,2,149.577,4.0,0,0.0,95.813,0,0,
750,52746,978267,751,2,70.255,4.0,0,0.0,105.761,0,0,
557,53236,983593,515,2,114.15,4.0,0,0.0,58.167,0,0,ANGLE_LT_70
557,53271,53272,558,2,15.618,4.0,0,0.0,85.411,0,0,
427,53673,53624,429,2,558.06,4.0,0,0.0,62.157,0,0,ANGLE_LT_70
20,53750,994595,429,2,103.772,3.0,0,0.0,69.319,0,0,ANGLE_LT_70
428,53881,994803,429,2,160.645,4.0,0,2.67,139.569,0,0,
19,53943,1708665,20,2,45.322,5.0,0,0.849,95.017,0,0,
18,54284,1061930,390,2,108.661,3.0,0,5.903,157.304,1,0,GSTDM_CROSSING
16,54513,872578,17,2,112.457,4.0,0,2.224,79.087,0,0,
15,54557,992079,17,2,195.258,4.0,0,0.0,180.0,0,0,
520,55061,55528,521,2,213.464,3.0,0,11.215,71.385,0,0,
576,55856,1116379,577,2,198.196,3.0,0,79.027,31.88,0,0,ANGLE_LT_70
511,56815,1003061,578,2,91.004,4.0,0,2.825,35.991,0,0,ANGLE_LT_70
556,56909,1146039,554,2,16.839,3.0,0,25.625,82.419,0,0,
580,57413,1224725,579,2,209.586,4.0,0,0.991,84.966,0,0,
551,57429,1005058,579,2,116.07,4.0,0,0.0,73.756,0,0,
503,57579,1071870,504,2,150.999,4.0,0,0.0,74.736,0,0,
582,58437,1702742,583,2,366.062,4.0,0,0.0,137.657,0,0,
583,58622,1005582,584,2,452.299,3.0,0,0.0,160.863,0,0,
492,58847,58848,585,2,400.808,5.0,0,0.0,80.879,0,0,
554,59050,875811,555,2,275.197,4.0,0,0.0,143.709,0,0,
524,59251,634240,550,2,97.597,4.0,0,29.264,33.389,0,0,ANGLE_LT_70
550,59558,59559,551,2,211.116,5.0,0,4.042,65.939,0,0,ANGLE_LT_70
531,60830,890383,532,2,182.713,4.0,0,0.819,110.852,0,0,
496,61128,983495,497,2,212.957,3.0,0,0.0,120.011,0,0,
497,61342,1031643,498,2,100.189,4.0,0,0.0,111.993,0,0,
457,61982,1008941,458,2,42.612,4.0,0,44.225,52.848,0,0,ANGLE_LT_70
538,62506,62509,537,2,88.566,4.0,0,0.0,92.068,0,0,
545,62564,1116148,546,2,28.422,4.0,0,0.0,180.0,0,0,
459,62680,1004087,463,2,65.642,3.0,0,0.0,141.704,0,0,
454,62801,62800,455,2,185.006,4.0,0,19.478,180.0,0,0,
465,62928,875441,453,2,171.13,4.0,0,2.005,147.955,0,0,
542,63113,63114,668,2,431.654,4.0,0,9.559,70.204,0,0,
388,63795,1449795,53,3,174.935,4.0,0,0.0,180.0,0,0,
389,63795,1168555,53,3,382.015,4.0,0,8618.877,180.0,0,1,OUTSIDE_TAZ_GT_200
53,63809,563964,54,2,101.587,4.0,0,0.0,28.087,0,0,ANGLE_LT_70
386,64047,64046,387,2,179.965,4.0,0,0.711,110.283,0,0,
61,65408,65410,353,2,162.114,3.0,0,23.389,85.194,0,0,
351,65707,1166900,352,2,141.893,4.0,0,0.0,180.0,0,0,
332,68589,995335,333,2,83.266,4.0,0,0.0,89.145,0,0,
333,68677,1179787,346,2,54.75,4.0,0,0.0,35.606,0,0,ANGLE_LT_70
329,68691,994813,333,2,476.608,4.0,0,0.0,21.635,0,0,ANGLE_LT_70
349,69143,69147,347,2,126.07,4.0,0,144.24,168.581,0,0,
325,69780,1267169,1833,2,50.936,3.0,0,0.0,95.078,0,0,
1675,69981,555248,1831,2,483.233,4.0,0,539.742,180.0,0,1,OUTSIDE_TAZ_GT_200
313,70031,1226572,314,2,280.217,5.0,0,3.97,61.209,0,0,ANGLE_LT_70
145,71119,995873,146,2,122.415,5.0,0,0.0,36.861,0,0,ANGLE_LT_70
125,71371,71370,127,2,211.573,5.0,0,6.075,57.358,0,0,ANGLE_LT_70
127,71374,759830,126,2,30.382,4.0,0,4.179,74.12,0,0,
138,71481,71725,139,2,368.525,5.0,0,3.126,106.589,0,0,
383,72151,1188387,384,2,176.322,4.0,0,5.759,167.193,0,0,
658,73955,1220279,657,2,61.664,4.0,0,0.0,111.285,0,0,
105,74442,1356029,106,2,106.598,3.0,0,0.0,115.261,0,0,
106,74460,761276,107,2,81.607,3.0,0,0.0,110.72,0,0,
107,74466,997247,108,2,157.538,4.0,0,4.267,80.309,0,0,
540,75012,1056778,544,2,45.5,4.0,0,95.859,154.534,0,0,
543,75326,75328,541,2,571.785,4.0,0,0.0,80.981,0,0,
666,75591,1728491,667,2,253.276,4.0,0,12.738,153.303,0,0,
446,76411,760397,665,2,162.269,4.0,0,0.0,156.836,0,0,
444,76759,983441,443,2,84.859,4.0,0,2.887,84.468,0,0,
186,77453,1356194,185,2,66.334,5.0,0,0.0,71.351,0,0,
1703,78830,78832,1704,2,1683.926,5.0,0,1.73,61.161,0,0,ANGLE_LT_70
181,79166,760840,178,2,60.161,4.0,0,0.0,72.548,0,0,
177,79406,986403,176,2,28.296,4.0,0,13.312,131.279,0,0,
292,80779,986450,1786,2,67.757,4.0,0,0.0,154.692,0,0,
198,80849,993995,290,2,85.6,4.0,0,9.464,55.781,0,0,ANGLE_LT_70
619,82467,983894,607,2,135.072,4.0,0,5.879,147.552,0,0,
487,83374,83373,488,2,287.184,4.0,0,0.0,138.539,0,0,
467,83588,1004028,488,2,84.572,4.0,0,9.591,85.878,0,0,
609,83747,759737,610,2,60.69,4.0,0,16.499,180.0,0,0,
610,83791,1006686,611,2,136.79,4.0,0,0.0,77.383,0,0,
482,83966,1182541,483,2,54.918,4.0,0,11.947,92.304,0,0,
611,84085,1006872,612,2,260.873,4.0,0,0.0,73.3,0,0,
482,84104,1143070,611,2,174.242,4.0,0,15.036,36.318,0,0,ANGLE_LT_70
465,84168,1140526,466,2,168.105,4.0,0,16.195,151.255,0,0,
468,84840,1031549,482,2,91.931,4.0,0,11.416,84.916,0,0,
470,85192,85193,471,2,358.217,5.0,0,14.295,39.231,0,0,ANGLE_LT_70
613,85482,1006190,612,2,115.592,4.0,0,29.877,180.0,0,0,
1941,85919,965813,1954,2,187.402,4.0,0,0.0,126.215,0,0,
449,86175,86174,669,2,207.403,4.0,0,3.209,106.426,0,0,
450,86226,86227,669,2,265.39,4.0,0,0.0,67.063,0,0,ANGLE_LT_70
449,86250,1031761,450,2,40.141,4.0,0,19.719,51.229,0,0,ANGLE_LT_70
449,86355,1006598,477,2,221.476,4.0,0,1.461,48.377,0,0,ANGLE_LT_70
448,86443,760396,447,2,260.889,4.0,0,0.0,122.453,0,0,
448,86601,760904,478,2,112.228,4.0,0,8.482,91.266,0,0,
474,86898,983721,473,2,178.408,4.0,0,6.614,69.204,0,0,ANGLE_LT_70
445,87899,810873,442,2,73.315,4.0,0,0.0,88.284,0,0,
438,88223,1006803,478,2,424.13,4.0,0,0.0,96.103,0,0,
473,88760,88782,474,2,381.402,4.0,0,41.608,58.633,0,0,ANGLE_LT_70
445,89324,89325,443,2,86.858,4.0,0,0.0,91.084,0,0,
204,89789,89788,286,2,400.975,4.0,0,4.584,76.692,0,0,
204,89987,992449,205,2,66.287,4.0,0,0.0,84.104,0,0,
206,90086,90089,209,2,192.86,4.0,0,0.0,95.675,0,0,
193,90130,995947,199,2,87.382,3.0,0,0.0,180.0,0,0,
289,90160,996622,199,2,36.514,3.0,0,2.666,180.0,0,0,
202,90534,1449693,203,2,343.089,4.0,0,44.475,30.413,0,0,ANGLE_LT_70
208,91646,990710,281,2,211.134,4.0,0,2.156,104.553,0,0,
268,91722,991508,267,2,136.315,4.0,0,18.492,112.166,0,0,
271,91807,757108,278,2,236.534,4.0,0,0.0,90.341,0,0,
275,91948,757150,277,2,72.844,4.0,0,0.0,66.912,0,0,ANGLE_LT_70
276,91985,1285685,277,2,187.401,4.0,0,0.0,168.188,0,0,
1918,91995,1453796,1923,2,112.063,3.0,0,0.0,155.9,0,0,
2039,92037,1537085,2043,2,111.21,4.0,0,0.0,121.62,0,0,
5582,92111,666417,5583,2,214.069,4.0,0,0.0,82.701,0,0,
5599,92123,267232,5582,2,2970.863,4.0,0,0.0,126.385,0,0,
5612,92234,1026383,5611,2,717.623,3.0,0,3.38,85.651,0,0,
3194,92306,409497,3196,2,145.652,4.0,0,0.0,31.63,0,0,ANGLE_LT_70
3185,92324,1014328,3186,2,210.78,4.0,0,0.0,117.527,0,0,
3171,92372,1662815,3165,2,320.417,4.0,0,2.997,171.892,0,0,
3223,92410,92411,3222,2,619.699,4.0,0,9.456,54.563,0,0,ANGLE_LT_70
3224,92431,891214,3230,2,113.627,4.0,0,8.077,72.413,0,0,
3157,92449,1707305,3158,2,857.108,4.0,0,4.587,163.815,0,0,
3152,92521,410077,3151,2,306.098,4.0,0,3.562,93.108,0,0,
3155,92572,92573,3159,2,400.506,4.0,0,0.0,84.155,0,0,
5619,92680,678191,5633,2,581.838,3.0,0,18.188,47.106,0,0,ANGLE_LT_70
1916,92746,741320,1917,2,498.003,4.0,0,11.774,171.612,0,0,
5639,92837,410704,5647,2,372.536,4.0,0,0.0,158.258,0,0,
5641,92923,1607225,5640,2,214.201,4.0,0,4.573,90.435,0,0,
2544,93473,1567924,2503,2,84.682,4.0,0,132.51,79.343,0,0,
2430,93692,93525,2461,2,988.645,4.0,0,3676.853,146.865,0,1,OUTSIDE_TAZ_GT_200
1091,93992,622371,1110,2,40.131,5.0,0,0.0,161.48,0,0,
1093,94057,889234,1109,2,80.175,4.0,0,0.0,106.39,0,0,
1123,94157,1552216,1124,2,195.512,4.0,0,0.0,78.382,0,0,
1078,94235,886075,1123,2,464.681,4.0,0,0.0,157.672,0,0,
1105,94297,816942,1104,2,310.308,4.0,0,4.803,87.275,0,0,
1105,94333,287235,1124,2,1566.843,4.0,0,0.0,109.893,0,0,
1071,94357,972577,1070,2,58.797,4.0,0,0.0,72.287,0,0,
1071,94358,1571081,1065,2,25.647,4.0,0,19.622,72.378,0,0,
974,95699,984433,978,2,159.604,4.0,0,15.014,151.677,0,0,
976,95993,1042249,977,2,43.249,4.0,0,5.04,100.879,0,0,
1018,96158,979976,1019,2,294.279,4.0,0,0.0,168.412,0,0,
1019,96186,96185,1020,2,242.88,4.0,0,2269.808,117.851,0,1,OUTSIDE_TAZ_GT_200
1017,96623,817696,1027,2,246.745,4.0,0,5.181,117.659,0,0,
1027,96751,972625,1028,2,390.278,4.0,0,13.483,119.405,0,0,
1026,97129,544001,1025,2,315.104,4.0,0,9.75,103.145,0,0,
1034,97655,1681486,1045,2,64.352,4.0,0,0.259,107.098,0,0,
1154,98795,98798,1155,2,549.383,4.0,0,0.0,104.6,0,0,
4133,100112,1526344,4134,2,490.143,4.0,0,1.866,87.828,0,0,
1830,103361,103358,1835,2,440.247,4.0,0,0.0,127.668,0,0,
1704,110853,1000755,1705,2,70.19,4.0,0,0.0,78.578,0,0,
1768,110966,603475,1769,2,87.481,3.0,0,0.0,92.76,0,0,
216,113434,993505,1785,2,402.649,4.0,0,0.0,180.0,0,0,
1791,115382,998126,1792,2,101.878,3.0,0,9.761,94.401,0,0,
1405,115909,115910,1406,2,267.039,4.0,0,14.216,180.0,0,0,
1789,116486,116485,1790,2,177.73,3.0,0,33.359,97.973,0,0,
1354,116905,959491,1410,2,338.325,4.0,0,0.0,69.273,0,0,ANGLE_LT_70
1417,116914,1361282,1410,2,98.662,4.0,0,14.14,74.475,0,0,
1365,118590,1216011,1387,2,98.198,4.0,0,0.0,53.229,0,0,ANGLE_LT_70
1422,120799,1207227,1421,2,65.87,4.0,0,0.0,180.0,0,0,
1430,122450,957424,1431,2,155.676,4.0,0,0.0,41.229,0,0,ANGLE_LT_70
1334,126773,126781,1336,2,451.604,4.0,0,0.0,180.0,0,0,
1430,126899,126900,1436,2,351.207,4.0,0,0.0,142.944,0,0,
238,131442,1451206,227,2,39.882,4.0,0,0.0,74.15,0,0,
256,131754,989435,270,2,59.469,4.0,0,5.199,178.613,0,0,
236,133001,955546,237,2,610.421,4.0,0,0.09,95.615,0,0,
239,133162,1507175,234,2,24.969,4.0,0,3.57,155.64,0,0,
235,133281,133284,240,2,766.081,4.0,0,5.133,111.764,0,0,
241,134119,991714,240,2,102.995,4.0,0,8.292,73.756,0,0,
233,134594,1086309,234,2,59.654,3.0,0,0.0,63.747,0,0,ANGLE_LT_70
273,135439,992165,274,2,109.265,4.0,0,5.136,180.0,0,0,
436,135474,873062,274,2,418.834,4.0,0,0.0,158.566,0,0,
1850,135788,975700,1851,2,123.468,4.0,0,0.0,70.494,0,0,
1852,135981,1414871,1901,2,175.452,4.0,0,0.0,91.779,0,0,
1858,136431,1527323,1859,2,15.542,4.0,0,6.272,83.065,0,0,
1476,138166,960751,1479,2,150.979,4.0,0,0.0,86.367,0,0,
1552,139869,1533873,1492,2,1715.383,4.0,0,0.0,78.105,0,0,
1492,140008,140007,1493,2,202.947,5.0,0,0.0,57.175,0,0,ANGLE_LT_70
1494,140104,1361181,1496,2,148.744,5.0,0,0.0,43.4,0,0,ANGLE_LT_70
1494,140300,140301,1497,2,524.981,4.0,0,0.0,25.974,0,0,ANGLE_LT_70
1489,140311,948688,1534,2,92.686,4.0,0,14.315,157.781,0,0,
1856,141138,141170,1857,2,69.828,3.0,0,0.0,98.406,0,0,
1446,143152,143153,1447,2,79.76,4.0,0,12.776,180.0,0,0,
1521,145414,956872,1530,2,84.185,4.0,0,4.469,95.077,0,0,
2079,146882,879691,2141,2,100.056,4.0,0,3.867,49.751,0,0,ANGLE_LT_70
2081,147070,879977,2144,2,171.052,4.0,0,4.023,88.903,0,0,
2175,147162,879989,2147,2,167.467,4.0,0,116.543,13.076,0,0,ANGLE_LT_70
1905,147274,894856,1912,2,73.206,3.0,0,0.0,81.747,0,0,
5656,147509,1073900,5657,2,161.294,4.0,0,0.823,70.937,0,0,
3531,147520,409256,3534,2,379.743,4.0,0,10.504,87.462,0,0,
3531,147600,1074218,3532,2,72.417,4.0,0,8.359,83.618,0,0,
3550,147726,539618,3538,2,70.907,3.0,0,0.0,101.016,0,0,
3544,147755,690112,3540,2,123.817,4.0,0,0.0,78.85,0,0,
3544,147787,147788,3542,2,650.659,4.0,0,7.612,83.972,0,0,
3556,147976,1714545,3557,2,54.93,4.0,0,2.412,117.615,0,0,
1266,148727,1101833,1267,2,2549.133,4.0,0,0.589,82.413,0,0,
3723,149093,922141,3725,2,1138.843,4.0,0,29.849,176.312,0,0,
3733,149105,786565,3724,2,873.914,4.0,0,0.0,86.369,0,0,
4010,149204,1073083,4018,2,1038.182,3.0,0,10.56,141.635,0,0,
2321,149427,332487,2346,2,553.836,3.0,0,0.0,140.902,0,0,
3578,149863,149864,3579,2,218.424,4.0,0,5.575,115.203,0,0,
3711,150248,150249,3718,2,764.213,3.0,0,0.0,151.308,0,0,
3667,150729,892280,3668,2,1827.668,4.0,0,3.588,117.739,0,0,
4230,151769,1030014,5123,2,32440.738,3.0,0,0.0,93.275,0,0,
5145,151947,1063119,5152,2,191.374,3.0,0,0.0,139.547,0,0,
5382,152512,152513,5383,2,425.656,3.0,0,56.722,83.527,0,0,
5198,152919,904073,5211,2,1818.025,4.0,0,0.0,70.089,0,0,
5236,153295,364894,5255,2,3605.808,3.0,0,0.0,180.0,0,0,
5419,153494,692384,5443,2,2524.932,5.0,0,0.0,180.0,0,0,
5412,153870,1566187,5414,2,45.391,4.0,0,0.0,110.531,0,0,
5285,154108,791943,5287,2,334.215,3.0,0,0.0,110.301,0,0,
2703,154212,494293,2702,2,659.789,4.0,0,30.65,114.985,0,0,
2701,154215,979319,2720,2,258.74,4.0,0,0.0,51.042,0,0,ANGLE_LT_70
2937,154356,166184,2758,2,576.692,5.0,0,30.108,180.0,0,0,
2866,154568,1696726,2867,2,86.653,4.0,0,0.0,166.994,0,0,
2704,154591,737577,2709,2,1305.518,4.0,0,0.0,95.108,0,0,
2714,154600,982644,2716,2,84.563,3.0,0,0.0,105.32,0,0,
2840,154659,1694696,2850,2,82.905,4.0,0,0.0,180.0,0,0,
2844,154806,1688027,2863,2,102.08,4.0,0,3024.386,79.053,0,1,OUTSIDE_TAZ_GT_200
2928,155213,1613823,6103,2,427.677,5.0,0,20640.172,180.0,0,1,OUTSIDE_TAZ_GT_200
3852,155821,1661370,3863,2,1832.569,3.0,0,10.572,81.973,0,0,
3796,155945,379450,3799,2,5548.051,5.0,0,0.0,30.729,0,0,ANGLE_LT_70
5273,157055,887917,5274,2,608.304,4.0,0,15.564,106.936,0,0,
5290,157069,1035160,5273,2,12807.349,4.0,0,0.0,1.012,0,0,ANGLE_LT_70
3924,157075,923821,3925,2,1027.921,4.0,0,0.0,64.124,0,0,ANGLE_LT_70
3791,157216,388677,3790,2,242.007,4.0,0,0.0,71.241,0,0,
2309,158127,523386,2310,2,30.928,4.0,0,0.0,93.002,0,0,
3697,158355,1024387,3698,2,13587.093,4.0,0,230.416,93.07,1,1,GSTDM_CROSSING; OUTSIDE_TAZ_GT_200
3996,158546,443733,3995,2,228.957,4.0,0,0.0,52.218,0,0,ANGLE_LT_70
5289,158751,419930,5290,2,498.119,4.0,0,0.0,69.59,0,0,ANGLE_LT_70
5318,158770,940435,5317,2,16742.297,4.0,0,7.661,80.327,0,0,
5319,158775,402689,5318,2,2969.199,5.0,0,0.0,87.029,0,0,
5485,159111,1008089,5486,2,78.748,4.0,0,0.0,139.72,0,0,
5461,159115,159116,5488,2,620.986,4.0,0,9.814,73.296,0,0,
3158,159141,409827,3159,2,239.388,4.0,0,0.0,60.25,0,0,ANGLE_LT_70
812,160669,164693,811,2,2158.298,4.0,0,2467.14,101.683,0,1,OUTSIDE_TAZ_GT_200
1858,163606,1454818,1879,2,123.137,4.0,0,16.606,23.864,1,0,GSTDM_CROSSING; ANGLE_LT_70
1865,163695,655464,1866,2,234.767,4.0,0,0.0,124.294,0,0,
1871,163917,1454616,1869,2,131.052,4.0,0,0.0,105.668,0,0,
768,164527,557306,815,2,247.397,3.0,0,0.0,37.556,0,0,ANGLE_LT_70
764,164630,557572,765,2,1152.309,3.0,0,0.0,121.416,0,0,
760,164676,164674,769,2,214.149,3.0,0,212.27,86.99,0,1,OUTSIDE_TAZ_GT_200
729,165116,977025,728,2,148.143,4.0,0,4.223,111.454,0,0,
2747,165963,1366880,2756,2,47.386,4.0,0,3.808,90.252,0,0,
2912,173588,1354736,2935,2,219.632,4.0,0,62.229,100.851,0,0,
4485,182108,1021702,4489,2,601.965,4.0,0,11.601,90.884,0,0,
4482,201384,1717472,4481,2,1023.509,5.0,0,15.318,142.537,0,0,
4807,203693,1706688,4808,2,3654.474,5.0,0,0.0,98.848,0,0,
4341,205141,205142,4342,2,429.367,5.0,0,7.191,171.809,0,0,
4330,205501,727693,2462,2,1316.143,4.0,0,0.0,81.751,0,0,
4708,212711,719862,4718,2,3489.027,5.0,0,20.968,81.569,0,0,
4312,213425,213426,4313,2,866.782,3.0,0,3.923,71.111,0,0,
4677,218105,909228,4678,2,202.458,4.0,0,0.0,123.924,0,0,
788,221248,1651041,791,2,579.339,4.0,0,5.61,80.79,0,0,
773,221656,221657,798,2,1649.657,4.0,0,15.091,76.902,0,0,
771,222550,222553,772,2,2974.927,5.0,0,0.0,80.926,0,0,
800,222845,1358005,799,2,650.063,5.0,0,0.0,25.83,0,0,ANGLE_LT_70
3517,227656,227655,4285,2,366.942,5.0,0,38.302,122.762,0,0,
4414,229420,903226,4415,2,162.519,4.0,0,0.0,76.795,0,0,
875,231838,971698,852,2,946.097,4.0,0,2.885,135.001,0,0,
833,232662,476362,834,2,153.121,4.0,0,0.0,71.406,0,0,
824,232752,1379625,825,2,1655.851,3.0,0,0.0,92.591,0,0,
825,232773,1046490,826,2,173.489,5.0,0,9.681,60.126,0,0,ANGLE_LT_70
830,233862,976321,831,2,178.484,4.0,0,0.0,132.857,0,0,
843,233964,970808,842,2,112.987,4.0,0,0.0,110.184,0,0,
828,234032,234034,839,2,275.908,5.0,0,0.0,72.558,0,0,
838,234179,1707724,839,2,694.229,5.0,0,0.0,114.371,0,0,
865,234194,1682871,839,2,129.163,5.0,0,0.0,41.654,0,0,ANGLE_LT_70
843,234238,748827,858,2,120.048,4.0,0,2.624,74.11,0,0,
859,234260,970487,842,2,168.699,4.0,0,26.113,82.044,0,0,
859,234412,970660,867,2,232.16,3.0,0,1.307,83.281,0,0,
866,234574,540853,865,2,149.333,3.0,0,4.189,71.685,0,0,
864,234833,420197,863,2,165.991,3.0,0,0.0,180.0,0,0,
1117,235840,1665066,1118,2,853.271,4.0,0,0.0,95.8,0,0,
1116,235991,1724230,1112,2,725.412,5.0,0,0.0,70.371,0,0,
1111,236039,411392,1112,2,7753.17,5.0,0,24.584,27.724,0,0,ANGLE_LT_70
861,236450,1635797,862,2,1081.672,4.0,0,0.0,132.989,0,0,
883,237568,237566,915,2,1725.54,4.0,0,1.585,87.474,0,0,
879,237593,1657425,912,2,851.392,5.0,0,0.0,90.721,0,0,
878,237745,1659015,912,2,345.963,4.0,0,0.0,42.057,0,0,ANGLE_LT_70
904,237793,466320,911,2,866.803,4.0,0,1.352,59.374,0,0,ANGLE_LT_70
904,238193,968390,903,2,979.023,4.0,0,0.0,114.973,0,0,
898,238355,968127,899,2,881.645,4.0,0,20.714,107.577,0,0,
886,238568,1702411,913,2,889.272,4.0,0,0.0,91.205,0,0,
884,238635,967633,895,2,149.345,4.0,0,0.386,103.767,0,0,
892,238946,240126,898,2,1248.253,5.0,0,0.0,135.139,0,0,
886,239167,239162,887,2,497.297,5.0,0,5.308,77.189,0,0,
890,239516,1719341,889,2,47.94,3.0,0,0.0,97.352,0,0,
5698,240778,1512202,5706,2,207.757,5.0,0,2.157,28.485,0,0,ANGLE_LT_70
5663,242112,936450,5664,2,273.051,5.0,0,0.0,72.752,0,0,
5697,242363,242365,5701,2,978.135,5.0,0,0.0,71.899,0,0,
5707,242541,242540,5701,2,1627.198,4.0,0,0.0,89.102,0,0,
801,242892,889313,802,2,946.296,4.0,0,10.552,93.73,0,0,
717,243405,980221,716,2,824.123,4.0,0,1.613,154.752,0,0,
5690,244182,1524431,5693,2,113.732,4.0,0,5.33,89.397,0,0,
5693,244290,244288,5694,2,135.181,4.0,0,0.0,56.228,0,0,ANGLE_LT_70
3101,244820,244819,3100,2,311.146,5.0,0,0.0,116.419,0,0,
3106,245179,819592,3130,2,3637.098,5.0,0,0.0,158.114,0,0,
3114,245300,1692533,3120,2,987.584,5.0,0,20.418,90.557,0,0,
3114,245333,245334,3121,2,720.851,5.0,0,0.0,85.686,0,0,
3113,245387,457158,3114,2,728.1,4.0,0,0.0,76.351,0,0,
3111,245520,896810,3112,2,1258.067,4.0,0,0.0,110.644,0,0,
3138,246704,246703,3139,2,163.483,4.0,0,0.0,32.914,0,0,ANGLE_LT_70
5677,247415,247419,5681,2,436.568,4.0,0,0.0,128.714,0,0,
5561,248628,679259,5562,2,65.589,4.0,0,0.0,132.39,0,0,
5563,248703,702065,5564,2,1050.993,5.0,0,0.0,140.002,0,0,
5542,250115,1719563,5549,2,346.42,5.0,0,13.337,95.951,0,0,
5576,252194,466560,5606,2,1075.338,3.0,0,0.0,80.04,0,0,
5511,252807,45325,5512,2,2772.534,3.0,0,8.714,134.327,0,0,
5499,252839,252841,5512,2,648.92,5.0,0,0.236,125.229,0,0,
5528,252950,1680813,5520,2,342.553,3.0,0,8.261,38.815,0,0,ANGLE_LT_70
5471,253742,880893,5494,2,525.385,4.0,0,0.0,110.903,0,0,
5490,254186,915836,5493,2,303.58,4.0,0,4.986,121.201,0,0,
5463,254492,254493,5489,2,404.266,4.0,0,20.593,118.337,0,0,
3210,255254,255309,3211,2,679.266,5.0,0,13.246,125.647,0,0,
3198,255632,891057,3197,2,245.498,4.0,0,0.0,74.394,0,0,
3202,256571,256567,3203,2,2050.129,4.0,0,4.628,71.429,0,0,
713,257361,1722224,677,2,304.136,5.0,0,0.351,83.333,0,0,
678,257493,257494,679,2,418.39,4.0,0,0.0,127.157,0,0,
676,257591,981394,690,2,88.524,4.0,0,2.391,68.136,0,0,ANGLE_LT_70
688,257681,888567,689,2,532.321,4.0,0,4.199,28.059,0,0,ANGLE_LT_70
686,257747,888070,684,2,111.055,4.0,0,0.0,36.424,0,0,ANGLE_LT_70
703,257988,980910,704,2,378.106,4.0,0,2.315,157.236,0,0,
691,258335,657695,687,2,69.163,3.0,0,0.0,41.997,0,0,ANGLE_LT_70
675,258344,888457,712,2,478.129,4.0,0,37.1,123.712,0,0,
691,258442,888462,711,2,196.206,4.0,0,0.0,71.599,0,0,
697,258708,981022,704,2,227.671,4.0,0,0.224,124.109,0,0,
695,258757,980803,696,2,150.936,4.0,0,0.0,59.346,0,0,ANGLE_LT_70
692,258803,786580,710,2,149.802,4.0,0,0.269,124.562,0,0,
692,258823,981112,693,2,102.64,4.0,0,4.869,75.571,0,0,
709,258866,885009,710,2,304.502,4.0,0,0.984,97.536,0,0,
696,260529,980714,697,2,199.783,4.0,0,0.0,81.66,0,0,
2007,260628,982551,2008,2,370.568,4.0,0,145.073,25.692,0,0,ANGLE_LT_70
2056,261694,1399955,2033,2,258.299,5.0,0,0.0,80.553,0,0,
5601,267051,936191,5579,2,3486.3,5.0,0,0.0,75.276,0,0,
5578,267074,267075,5579,2,688.103,4.0,0,2.779,79.89,0,0,
5604,267404,1025954,5576,2,347.389,4.0,0,0.0,109.739,0,0,
5583,267808,1551513,5584,2,177.917,4.0,0,0.0,96.096,0,0,
5590,268122,699545,5592,2,108.984,5.0,0,0.0,22.75,0,0,ANGLE_LT_70
5590,268144,1554544,5608,2,4606.742,5.0,0,2.148,168.53,0,0,
5610,268627,1554878,5611,2,925.266,4.0,0,0.0,111.862,0,0,
3184,269582,1454234,3185,2,127.436,4.0,0,3.678,105.438,0,0,
3188,269701,269702,3189,2,120.736,5.0,0,22.635,90.357,0,0,
3164,270110,461252,3165,2,384.586,4.0,0,0.0,80.209,0,0,
3202,270365,270367,3201,2,288.001,4.0,0,4.198,73.437,0,0,
3155,271904,271909,3156,2,1383.277,4.0,0,4.291,74.689,0,0,
5617,272746,1457308,5618,2,168.278,5.0,0,0.0,121.468,0,0,
5630,273641,1554889,5631,2,359.041,3.0,0,4.616,157.375,0,0,
5622,273935,678348,5625,2,547.894,4.0,0,0.0,89.596,0,0,
5637,274509,528243,5643,2,493.605,5.0,0,16.432,180.0,0,0,
5650,275509,1602877,5661,2,5918.817,5.0,0,0.0,51.415,0,0,ANGLE_LT_70
2463,277986,1009719,2464,2,1389.748,4.0,0,17.522,156.449,0,0,
2474,279053,1010495,2475,2,104.826,4.0,0,1.854,59.017,0,0,ANGLE_LT_70
1092,284558,461474,1111,2,291.029,5.0,0,0.0,163.226,0,0,
1087,284713,915651,1088,2,272.891,4.0,0,0.0,97.455,0,0,
1098,285315,1336425,1099,2,27.499,5.0,0,0.0,134.033,0,0,
1107,285832,285830,1108,2,257.427,5.0,0,0.0,32.226,0,0,ANGLE_LT_70
1101,285952,1513506,1100,2,1637.443,5.0,0,0.0,81.324,0,0,
1100,285953,285954,1106,2,637.93,4.0,0,0.0,52.641,0,0,ANGLE_LT_70
1101,285962,886365,1106,2,736.179,4.0,0,50.977,107.674,0,0,
1107,285968,285964,1106,2,438.785,4.0,0,0.474,125.509,0,0,
1121,286024,1556275,1120,2,100.517,4.0,0,11.49,127.324,0,0,
1108,286212,651627,1083,2,506.415,5.0,0,0.0,146.353,0,0,
1124,286248,889026,1083,2,110.053,4.0,0,16.901,104.612,0,0,
1080,286288,1553176,1081,2,440.33,4.0,0,8.965,38.792,0,0,ANGLE_LT_70
1082,286303,286304,1079,2,578.397,4.0,0,0.0,85.161,0,0,
1123,286332,1031327,1079,2,134.868,4.0,0,1.68,79.279,0,0,
1011,287369,974954,1012,2,190.291,4.0,0,0.0,108.789,0,0,
1038,287779,1421867,1039,2,234.387,4.0,0,24.594,59.447,0,0,ANGLE_LT_70
1040,288501,437559,1073,2,143.409,4.0,0,2.184,77.067,0,0,
1055,289004,972311,1053,2,222.674,4.0,0,1.7,127.3,0,0,
1046,289047,435533,1052,2,164.727,3.0,0,4.326,104.544,0,0,
1179,291843,291844,1181,2,193.847,4.0,0,0.938,150.79,0,0,
1170,307329,889654,1171,2,1301.788,4.0,0,4.011,72.998,0,0,
2076,309629,1692150,2141,2,453.848,5.0,0,0.0,70.235,0,0,
2112,310462,1730780,2130,2,574.442,5.0,0,39.602,71.414,0,0,
2103,310768,818129,2107,2,439.686,4.0,0,0.0,110.693,0,0,
2205,311973,1709664,2182,2,2324.592,5.0,0,0.0,34.417,0,0,ANGLE_LT_70
2082,312073,1072556,2145,2,151.403,4.0,0,1.106,154.106,0,0,
3560,321357,1355261,3566,2,101.966,5.0,0,9.119,88.344,0,0,
3558,321432,321431,3560,2,757.861,4.0,0,2.388,87.965,0,0,
1251,324561,514919,1252,2,144.826,4.0,0,0.0,118.368,0,0,
2288,325036,924760,2289,2,838.449,4.0,0,2.031,143.612,0,0,
2273,326408,939476,2278,2,179.021,4.0,0,2.58,123.31,0,0,
2252,327575,148681,2218,2,77.22,4.0,0,0.0,62.865,0,0,ANGLE_LT_70
2257,331055,478173,2258,2,40.482,4.0,0,0.0,85.783,0,0,
2332,332672,1011179,2337,2,68.845,4.0,0,0.0,111.174,0,0,
3584,334645,935333,3585,2,1691.862,4.0,0,0.0,127.528,0,0,
3610,338976,642343,3612,2,378.762,4.0,0,14.554,161.665,0,0,
5394,358697,359010,5395,2,1007.365,3.0,0,5.348,53.066,0,0,ANGLE_LT_70
3018,368466,368523,3017,2,327.245,5.0,0,0.0,169.931,0,0,
2698,373922,1445959,2699,2,222.282,5.0,0,0.0,121.473,0,0,
3854,376907,376908,3855,2,742.688,3.0,0,0.0,118.61,0,0,
3974,382250,382473,3980,2,5917.482,5.0,0,46.093,26.469,0,0,ANGLE_LT_70
3972,382478,1708102,3974,2,359.979,4.0,0,8.055,145.447,0,0,
5245,386686,716395,5246,2,123.928,5.0,0,0.0,123.78,0,0,
5316,388243,705687,5317,2,2479.721,5.0,0,10.299,93.324,0,0,
3232,389679,407890,3233,2,561.397,4.0,0,0.0,139.376,0,0,
3287,391803,1468755,3312,2,40.299,4.0,0,4.817,118.758,0,0,
3302,396925,1469737,3303,2,64.836,5.0,0,0.0,100.404,0,0,
3689,399457,1651978,3690,2,3804.037,5.0,0,13.45,117.474,0,0,
5308,403514,706725,5309,2,472.913,4.0,0,0.0,100.179,0,0,
5508,408131,250587,5509,2,571.618,4.0,0,0.0,85.863,0,0,
3150,410186,678683,5614,2,86.237,4.0,0,0.0,122.513,0,0,
3150,410205,979803,3151,2,14949.929,4.0,0,0.0,4.027,0,0,ANGLE_LT_70
1114,411331,236021,1115,2,510.227,4.0,0,26.352,96.003,0,0,
1111,411369,35969,1116,2,1976.293,4.0,0,13.444,109.604,0,0,
836,419229,1712195,835,2,8503.373,4.0,0,0.0,21.836,0,0,ANGLE_LT_70
571,423188,1006769,570,2,1417.289,4.0,0,0.0,41.407,0,0,ANGLE_LT_70
433,424661,761910,434,2,103.685,4.0,0,1.368,97.811,0,0,
1042,427091,657877,1043,2,111.64,4.0,0,9.186,158.893,0,0,
1553,428801,962490,1493,2,87.545,4.0,0,0.0,180.0,0,0,
2757,429688,1539993,2760,2,123.211,4.0,0,1751.723,180.0,0,1,OUTSIDE_TAZ_GT_200
1054,435600,973136,1053,2,2091.399,4.0,0,0.386,180.0,0,0,
230,441206,991118,231,2,130.245,4.0,0,1.84,111.738,0,0,
5286,456798,456806,5288,2,5235.602,5.0,0,14.542,115.489,0,0,
4272,458210,289552,4271,2,79.661,3.0,0,0.0,74.806,0,0,
5642,473686,677867,5644,2,1151.94,3.0,0,2.606,122.264,0,0,
846,475595,971752,858,2,185.087,4.0,0,0.0,5.393,0,0,ANGLE_LT_70
2400,484290,419685,2401,2,479.211,4.0,0,2.76,72.799,0,0,
3167,502644,502645,3166,2,435.655,4.0,0,0.0,149.306,0,0,
5506,506273,607752,5507,2,947.392,5.0,0,0.0,78.323,0,0,
3085,511547,935312,3143,2,167.76,3.0,0,0.0,91.867,0,0,
698,513260,980509,700,2,78.832,4.0,0,2.153,86.37,0,0,
3174,518390,269978,3175,2,1105.599,4.0,0,17.918,68.014,0,0,ANGLE_LT_70
872,524623,971733,873,2,368.018,3.0,0,1.85,80.78,0,0,
861,527293,971536,862,2,1035.286,4.0,0,26.206,133.875,0,0,
3445,531710,1538948,3448,2,167.001,4.0,0,64.289,74.572,0,0,
2270,532740,1690234,2281,2,2571.058,4.0,0,0.0,118.117,0,0,
849,540669,1636781,855,2,373.988,4.0,0,0.0,54.582,0,0,ANGLE_LT_70
269,541308,992186,281,2,138.412,4.0,0,0.0,73.957,0,0,
641,556432,983492,650,2,115.603,3.0,0,15.884,30.123,0,0,ANGLE_LT_70
1571,557244,634172,1573,2,112.786,4.0,0,0.0,101.687,0,0,
731,565456,1144097,733,2,49.019,4.0,0,4101.791,87.792,0,1,OUTSIDE_TAZ_GT_200
520,567947,1004284,556,2,74.336,4.0,0,2.242,72.284,0,0,
231,569716,992756,232,2,800.861,4.0,0,10.402,106.293,0,0,
479,570498,1702548,480,2,103.008,4.0,0,18.509,30.524,0,0,ANGLE_LT_70
637,571250,834311,638,2,106.873,4.0,0,12.516,80.543,0,0,
31,571778,927830,32,2,1870.437,4.0,0,0.164,80.367,0,0,
2958,581745,581749,2961,2,53.275,5.0,0,0.0,130.617,0,0,
3091,586836,44527,3092,2,159.685,4.0,0,0.52,93.131,0,0,
699,592011,981485,700,2,79.569,4.0,0,0.0,124.914,0,0,
696,592670,819462,699,2,104.965,4.0,0,3.08,82.896,0,0,
225,599334,991275,263,2,233.064,4.0,0,11.07,178.883,0,0,
3593,629291,1149465,3594,2,1004.144,3.0,0,3.583,41.412,0,0,ANGLE_LT_70
3592,629370,700911,3593,2,263.577,3.0,0,0.0,116.758,0,0,
587,630648,1032928,630,2,95.496,4.0,0,0.0,82.136,0,0,
1384,631838,640903,1387,2,82.583,4.0,0,0.0,134.509,0,0,
887,632799,570944,896,2,244.379,5.0,0,16.328,53.702,0,0,ANGLE_LT_70
1357,634471,117989,1410,2,100.512,4.0,0,0.0,78.641,0,0,
410,638988,1636697,416,2,23.364,4.0,0,0.0,180.0,0,0,
422,639308,927941,423,2,130.29,4.0,0,0.0,111.302,0,0,
4284,641426,641425,4433,2,165.382,5.0,0,0.0,180.0,0,0,
1952,645076,1093757,1957,2,76.478,4.0,0,0.0,27.493,0,0,ANGLE_LT_70
1173,654510,100162,1174,2,172.695,4.0,0,0.0,77.143,0,0,
260,664437,833354,253,2,166.646,4.0,0,0.0,133.756,0,0,
1000,665262,557430,1001,2,48.838,4.0,0,0.0,138.385,0,0,
941,665365,1152438,944,2,39.439,5.0,0,0.0,98.577,0,0,
3182,668623,1708939,3181,2,295.029,5.0,0,6.33,77.379,0,0,
772,677105,221777,774,2,396.663,5.0,0,0.0,80.117,0,0,
3162,678655,979799,3170,2,836.651,4.0,0,0.0,75.415,0,0,
3547,679344,1073786,3551,2,964.208,4.0,0,6.541,138.861,0,0,
542,681610,1007075,664,2,206.712,4.0,0,16.889,104.383,0,0,
3540,690022,318664,3541,2,125.437,4.0,0,12.719,33.736,0,0,ANGLE_LT_70
302,691643,760380,301,2,88.815,4.0,0,0.0,116.104,0,0,
5659,696502,275588,5658,2,11806.981,5.0,0,0.0,117.792,0,0,
492,702348,1006900,494,2,378.29,3.0,0,20.484,99.355,0,0,
840,731237,731238,865,2,750.684,4.0,0,136.403,176.904,0,0,
5476,736072,736079,5492,2,134.752,5.0,0,0.0,84.836,0,0,
19,761517,994862,428,2,195.127,3.0,0,3.425,101.764,0,0,
182,762675,994957,175,2,152.822,3.0,0,3.875,118.046,0,0,
1572,763161,763162,1571,2,141.074,5.0,0,0.0,81.44,0,0,
206,784534,1240252,207,2,51.303,4.0,0,0.0,80.206,0,0,
316,786733,990138,317,2,91.264,4.0,0,0.0,83.075,0,0,
3594,795572,149993,3598,2,506.1,4.0,0,8.197,70.744,0,0,
127,804101,1227745,128,2,40.159,4.0,0,0.0,102.523,0,0,
538,812197,812208,671,2,67.143,4.0,0,3.89,93.616,0,0,
911,816909,966530,909,2,396.134,4.0,0,0.0,85.102,0,0,
688,842108,1691953,691,2,171.254,3.0,0,27.156,123.439,0,0,
1999,854514,50658,2006,2,92.652,4.0,0,0.0,168.349,0,0,
3183,862343,946540,3181,2,2153.037,4.0,0,4.095,93.956,0,0,
595,874235,1008488,596,2,127.06,4.0,0,0.0,86.114,0,0,
477,876541,876769,478,2,317.146,4.0,0,0.0,69.566,0,0,ANGLE_LT_70
958,877114,1033231,999,2,54.572,3.0,0,10.237,110.579,0,0,
701,888046,885001,702,2,157.902,4.0,0,0.523,62.458,0,0,ANGLE_LT_70
2000,895116,52258,2003,2,219.785,4.0,0,52.719,108.389,0,0,
3968,910478,910479,3969,2,196.281,4.0,0,0.0,93.531,0,0,
2290,924709,325439,2283,2,1393.514,4.0,0,0.0,103.144,0,0,
5322,926129,403511,5323,2,908.096,4.0,0,20.934,65.185,0,0,ANGLE_LT_70
3070,935386,491895,3071,2,5950.777,4.0,0,0.0,33.152,0,0,ANGLE_LT_70
3180,946539,1692659,3181,2,177.795,5.0,0,2.557,93.324,0,0,
1381,953638,953639,1382,2,91.087,4.0,0,8.934,78.222,0,0,
879,968204,1613389,882,2,140.377,4.0,0,0.0,76.814,0,0,
853,970518,540514,852,2,188.974,4.0,0,0.0,180.0,0,0,
756,977731,556998,758,2,264.932,4.0,0,0.0,175.167,0,0,
514,984009,984008,515,2,97.293,4.0,0,2.432,45.379,0,0,ANGLE_LT_70
505,985040,985042,507,2,250.284,4.0,0,6.956,130.96,0,0,
154,996729,1666369,384,2,181.917,4.0,0,0.0,116.804,0,0,
803,999725,999722,802,2,550.623,4.0,0,0.0,111.404,0,0,
655,1002870,1002878,656,2,288.634,4.0,0,19.438,68.9,0,0,ANGLE_LT_70
591,1005338,633878,625,2,90.953,4.0,0,0.0,55.572,0,0,ANGLE_LT_70
477,1006545,87185,479,2,263.583,4.0,0,5.335,143.862,0,0,
484,1006932,83364,487,2,94.567,4.0,0,11.318,110.454,0,0,
1753,1007965,113965,1754,2,104.977,4.0,0,0.0,168.411,0,0,
5462,1008139,254614,5465,2,143.032,4.0,0,27.859,53.006,0,0,ANGLE_LT_70
99,1009415,1341566,100,2,75.82,3.0,0,0.0,141.511,0,0,
5679,1012076,1562107,5680,2,124.821,4.0,0,29.908,113.458,0,0,
951,1014905,1028213,952,2,71.824,4.0,0,3233.865,131.958,0,1,OUTSIDE_TAZ_GT_200
5476,1079980,1008177,5481,2,129.375,4.0,0,0.0,16.468,0,0,ANGLE_LT_70
442,1126225,76698,443,2,214.659,4.0,0,0.0,21.066,0,0,ANGLE_LT_70
539,1128170,1697038,661,2,56.007,4.0,0,0.0,83.78,0,0,
330,1165496,1165499,332,3,103.163,4.0,0,0.0,180.0,0,0,
951,1165496,993239,332,3,146.788,4.0,0,3004.128,133.665,0,1,OUTSIDE_TAZ_GT_200
146,1221407,1221406,298,2,98.236,4.0,0,0.0,55.851,0,0,ANGLE_LT_70
1653,1223657,110286,1695,2,37.915,3.0,0,20.052,106.434,0,0,
356,1224940,67493,357,2,83.681,4.0,0,3.561,180.0,0,0,
177,1230742,1231835,178,2,113.449,3.0,0,0.0,94.735,0,0,
183,1277330,78989,172,2,84.262,3.0,0,0.923,109.418,0,0,
203,1323913,1323912,287,2,82.092,3.0,0,0.0,50.265,0,0,ANGLE_LT_70
1578,1341799,1383257,1568,2,105.511,4.0,0,0.0,94.77,0,0,
2249,1344553,883588,2248,2,224.462,4.0,0,0.0,180.0,0,0,
75,1355879,543060,110,2,398.665,3.0,0,3422.157,180.0,0,1,OUTSIDE_TAZ_GT_200
5579,1365648,267091,5580,2,318.213,5.0,0,4.682,111.033,0,0,
2822,1366419,155158,2862,2,194.927,3.0,0,0.0,180.0,0,0,
747,1382695,978329,751,2,123.855,4.0,0,0.0,94.887,0,0,
704,1422577,842565,708,2,66.31,4.0,0,0.0,26.824,0,0,ANGLE_LT_70
678,1545657,1545547,677,2,97.67,4.0,0,0.0,89.721,0,0,
885,1565059,965590,886,2,52.229,4.0,0,0.0,87.057,0,0,
6149,2033503,2033601,6153,2,10871.05,,1,0.0,99.344,0,0,
6150,2033831,2033674,6147,3,23986.422,,1,1155.414,48.863,0,1,ANGLE_LT_70; OUTSIDE_TAZ_GT_200
6146,2033831,2033845,6147,3,24377.386,,1,21359.083,87.313,0,1,OUTSIDE_TAZ_GT_200
6162,2033944,2033711,6148,2,52649.458,,1,54190.396,145.833,1,1,GSTDM_CROSSING; OUTSIDE_TAZ_GT_200
6160,2034186,2034247,6158,2,7870.247,,1,15.655,71.12,0,0,
6196,2035108,2035064,6197,2,7806.563,,1,0.0,53.012,0,0,ANGLE_LT_70
6006,2035157,2035163,6007,2,7140.226,,1,4446.801,180.0,0,1,OUTSIDE_TAZ_GT_200
6010,2035208,2035204,6011,2,835.659,,1,0.0,180.0,0,0,
6196,2035230,33117,6198,2,306.668,3.0,0,4334.808,95.451,0,1,OUTSIDE_TAZ_GT_200
6004,2035235,2035243,6005,2,11499.213,,1,2790.012,180.0,0,1,OUTSIDE_TAZ_GT_200
6218,2035299,2035355,6228,2,12041.178,,1,17457.815,145.996,0,1,OUTSIDE_TAZ_GT_200
5971,2035326,2035274,5970,2,42528.703,,1,22481.424,180.0,0,1,OUTSIDE_TAZ_GT_200
5992,2035367,2035368,5993,2,3847.32,,1,3592.462,180.0,0,1,OUTSIDE_TAZ_GT_200
6026,2035375,2051079,6025,2,12676.663,,1,102.338,180.0,0,0,
5991,2035376,2035373,5994,2,3157.913,,1,36.084,180.0,0,0,
5969,2035407,413995,5964,3,27256.321,4.0,0,23411.698,180.0,0,1,OUTSIDE_TAZ_GT_200
5963,2035407,2035459,5964,3,28461.205,,1,18239.687,180.0,0,1,OUTSIDE_TAZ_GT_200
5955,2035416,2051064,5967,3,8032.32,,1,23327.436,180.0,0,1,OUTSIDE_TAZ_GT_200
5966,2035416,2035466,5967,3,17097.707,,1,9209.786,180.0,0,1,OUTSIDE_TAZ_GT_200
5946,2035471,2035463,5953,2,4833.119,,1,4268.061,180.0,0,1,OUTSIDE_TAZ_GT_200
5949,2035476,2035484,5950,2,2517.777,,1,0.0,180.0,0,0,
5947,2035487,2035500,5948,2,3481.758,,1,2376.87,180.0,0,1,OUTSIDE_TAZ_GT_200
6253,2035532,2035498,6254,2,15508.721,,1,0.0,90.412,0,0,
6253,2035612,2035671,6254,2,31567.207,,1,26826.565,112.545,0,1,OUTSIDE_TAZ_GT_200
6256,2035789,2035793,6255,2,10150.457,,1,0.0,41.639,0,0,ANGLE_LT_70
6044,2038249,2038224,6043,2,6846.749,,1,9205.594,0.095,0,1,ANGLE_LT_70; OUTSIDE_TAZ_GT_200
6298,2038473,2038440,6299,2,7632.121,,1,0.0,95.976,0,0,
5909,2040133,2040153,5908,2,11514.728,,1,14.266,180.0,0,0,
5913,2040224,2040208,5914,2,1975.21,,1,5041.902,180.0,0,1,OUTSIDE_TAZ_GT_200
5918,2040494,2040596,5919,3,16793.934,,1,23782.664,180.0,0,1,OUTSIDE_TAZ_GT_200
5924,2040494,2040605,5919,3,17704.881,,1,14309.107,180.0,0,1,OUTSIDE_TAZ_GT_200
5932,2040685,2040664,5933,2,3527.595,,1,143.136,180.0,0,0,
5926,2040690,2040678,5927,2,1497.77,,1,0.0,180.0,0,0,
6093,2042728,2042688,6094,2,32142.805,,1,29333.966,39.607,1,1,GSTDM_CROSSING; ANGLE_LT_70; OUTSIDE_TAZ_GT_200
6345,2051052,2041136,6325,2,3769.982,,1,0.0,154.241,0,0,
6022,2051078,2035303,6025,2,13470.757,,1,9031.143,180.0,1,1,GSTDM_CROSSING; OUTSIDE_TAZ_GT_200
6027,2051080,2035447,6028,2,12242.317,,1,3957.147,180.0,0,1,OUTSIDE_TAZ_GT_200
5979,2051083,2005137,6016,2,5692.893,3.0,1,14.638,180.0,0,0,
6030,2051085,1008074,6032,3,17278.923,4.0,0,5430.309,180.0,0,1,OUTSIDE_TAZ_GT_200
6031,2051085,735591,6032,3,17500.264,4.0,0,670.823,180.0,0,1,OUTSIDE_TAZ_GT_200
5922,2051123,2040603,5923,2,10708.43,,1,7354.885,180.0,1,1,GSTDM_CROSSING; OUTSIDE_TAZ_GT_200
5929,2051124,2040777,5925,2,11484.215,,1,57.285,180.0,0,0,
5911,2051125,2040054,5912,2,7931.875,,1,3559.449,180.0,0,1,OUTSIDE_TAZ_GT_200
5916,2051127,2040253,5920,3,20237.81,,1,8395.226,180.0,1,1,GSTDM_CROSSING; OUTSIDE_TAZ_GT_200
5917,2051127,2040180,5920,3,26954.411,,1,31006.263,180.0,1,1,GSTDM_CROSSING; OUTSIDE_TAZ_GT_200
5940,2051130,2012333,5942,3,40515.728,3.0,1,37641.965,180.0,1,1,GSTDM_CROSSING; OUTSIDE_TAZ_GT_200
5941,2051130,158028,5942,3,40741.453,3.0,0,32037.283,180.0,1,1,GSTDM_CROSSING; OUTSIDE_TAZ_GT_200
